,smiles,pki
0,CC(=O)OCC1OC(OC2C(COC(C)=O)OC(S(N)(=O)=O)C(OC(C)=O)C2OC(C)=O)C(OC(C)=O)C(OC(C)=O)C1OC(C)=O,5.345823458122039
1,CC(=O)OCC1OC(OC2C(COC(C)=O)OC(SNCc3ccc(S(N)(=O)=O)cc3)C(OC(C)=O)C2OC(C)=O)C(OC(C)=O)C(OC(C)=O)C1OC(C)=O,7.882728704344236
2,CCC(CC)C(=O)NCCc1ccc(S(N)(=O)=O)cc1,7.471083299722345
3,Nc1cc(C(F)(F)F)c(S(N)(=O)=O)cc1S(N)(=O)=O,7.200659450546418
4,O=c1ccc2ccccc2o1,5.036212172654444
5,Nc1ccccc1S(N)(=O)=O,6.530177984021837
6,O=c1oc2c(O)c(O)cc3c(=O)oc4c(O)c(O)cc1c4c23,5.661543506395395
7,NS(=O)(=O)c1ccc(CCO)cc1,6.9299621333922445
8,NS(=O)(=O)c1nc2ccc(O)cc2s1,7.721246399047171
9,Cn1nc(S(N)(=O)=O)sc1=N,7.721246399047171
10,Nc1ccc(S(=O)(=O)NCCc2ccc(S(N)(=O)=O)cc2)cc1,7.3979400086720375
11,Nc1nccc(Nc2ccc(S(N)(=O)=O)cc2)n1,7.2076083105017466
12,Nc1cccc(S(N)(=O)=O)c1,6.568636235841013
13,Nc1ccc(S(N)(=O)=O)cc1F,7.221848749616356
14,Nc1ccc(S(N)(=O)=O)cc1,6.568636235841013
15,NCCc1ccc(S(N)(=O)=O)cc1,6.795880017344075
16,Nc1ccc(S(N)(=O)=O)cc1Cl,6.958607314841775
17,NNc1ccc(S(N)(=O)=O)cc1,6.630165929700456
18,NCc1ccc(S(N)(=O)=O)cc1,6.769551078621726
19,Cc1cc(=O)oc2cc(OS(N)(=O)=O)ccc12,7.6020599913279625
20,NC(=O)CSc1ccncc1S(N)(=O)=O,6.882728704344236
21,CC1CC=NN1c1ccncc1S(N)(=O)=O,6.853871964321762
22,NCCC(=O)Nc1nnc(S(N)(=O)=O)s1,8.522878745280337
23,Oc1ccc(O)cc1,7.045757490560675
24,COc1ccccc1O,5.531652669587842
25,Oc1ccccc1,5.259637310505756
26,Nc1ccc(C(=O)O)cc1,5.089909454405932
27,CC(=O)Nc1ccc(O)cc1,5.207608310501746
28,Cc1ccc(S(N)(=O)=O)cc1,6.494850021680094
29,CCOC(=O)c1ccc(O)cc1,5.318758762624412
30,NCCCCNCCCN,5.954677021213342
31,OB(O)c1ccc(Br)cc1,5.154901959985743
32,N=C(N)Nc1ccc(C(=O)O)cc1,5.939302159646388
33,COc1ccc(B(O)O)cc1,5.102372908709558
34,O=C(O)c1ccc(Cl)cc1,5.419075024324381
35,OB(O)c1ccccc1,7.636388020107856
36,O=C(O)c1ccc(Br)cc1,5.327902142064283
37,COc1ccc(C(=O)O)cc1,5.095284454721319
38,NS(=O)(=O)c1ccc(CCNC(=O)Nc2ccccc2)cc1,7.1249387366083
39,NS(=O)(=O)c1ccc(CNS(=O)(=O)c2ccccc2)cc1,7.3979400086720375
40,CC(C)C(=O)Nc1ccc(S(N)(=O)=O)cc1,6.58838029403677
41,NS(=O)(=O)c1ccc(NC(=O)c2ccccc2)cc1,7.431798275933005
42,NS(=O)(=O)Oc1ccc(Cl)cc1,8.958607314841775
43,CC(=O)Nc1ccc(S(N)(=O)=O)cc1,6.609064892896621
44,CCCC(=O)Nc1ccc(S(N)(=O)=O)cc1,6.6439741428068775
45,Oc1cccc(O)c1,5.113509274827518
46,O=C(O)c1ccccc1Nc1ccccc1,7.42021640338319
47,CCCCCCCCOS(N)(=O)=O,8.576754126063193
48,N#Cc1ccc(OS(N)(=O)=O)cc1,6.826813731587726
49,NS(=O)(=O)c1ccc(NS(=O)(=O)c2ccccc2)cc1,7.309803919971486
50,CC1OC2COC3(COS(N)(=O)=O)OC(C)(C)OC3C2O1,6.698970004336019
51,NCCCNCCCCNCCCNC(=O)Cc1cccc2ccccc12,5.94692155651658
52,NS(=O)(=O)c1ccc(NC(=O)Nc2ccccc2)cc1,5.428291168191312
53,CC1(C)OC2C3OC4(CCCC4)OC3COC2(COS(N)(=O)=O)O1,5.795880017344075
54,CC1(C)OC2C3OCOC3COC2(COS(N)(=O)=O)O1,6.455931955649724
55,COc1cc(C=CC(=O)O)ccc1O,5.619788758288394
56,Nc1ccc2nc(S(N)(=O)=O)sc2c1,8.045757490560675
57,O=C(O)c1ccc(O)c(O)c1,6.327902142064283
58,Cc1onc(-c2ccccc2)c1-c1ccc(S(N)(=O)=O)cc1,7.366531544420414
59,O=C(O)C(=O)CC(=O)c1cccn1Cc1ccc(F)cc1,5.576754126063192
60,O=C(O)c1cc(-c2ccc(F)cc2F)ccc1O,5.028260409112222
61,OCCc1ccc(O)cc1,5.060480747381382
62,NS(=O)(=O)c1cnccc1Oc1ccc(F)cc1,7.025028005701931
63,CC(CCc1ccc(O)cc1)NCCc1ccc(O)c(O)c1,6.318758762624412
64,O=C(O)C=Cc1ccccc1O,5.0338582672609675
65,Cc1ccc(NC(=O)c2ccc(CN3CCN(C)CC3)cc2)cc1Nc1nccc(-c2cccnc2)n1,7.519993057042849
66,COCC(NC(C)=O)C(=O)NCc1ccccc1,6.480172006224281
67,CCN(CC)C(=S)S,5.508638306165727
68,O=C(O)c1cccc(O)c1,6.221848749616356
69,N#Cc1ccc(O)cc1,6.966576244513051
70,NS(=O)(=O)Oc1ccc2ccccc2c1,7.200659450546418
71,Nc1c(I)cc(S(N)(=O)=O)cc1I,6.906578314837765
72,Oc1ccc(C=Cc2cc(O)cc(O)c2)cc1,5.645891560852599
73,O=C(O)C=Cc1ccc(O)cc1,6.008773924307505
74,N=S(=O)(O)O,9.4089353929735
75,CCCCCc1cc(OS(N)(=O)=O)cc(OS(N)(=O)=O)c1,7.117475462045119
76,NS(=O)(=O)Oc1c(F)c(F)c(F)c(F)c1F,6.94692155651658
77,CCC(CC)C(=O)NCc1ccc(S(N)(=O)=O)cc1,6.844663962534939
78,NS(=O)(=O)c1ccc(NC(=O)c2c(F)c(F)cc(F)c2F)c(Br)c1,7.075720713938118
79,NS(=O)(=O)c1cccc(NC(=O)c2c(F)c(F)cc(F)c2F)c1,7.6777807052660805
80,Cc1ccc(S(=O)(=O)NC(=O)Nc2ccc(S(N)(=O)=O)cc2)cc1,7.920818753952375
81,NS(=O)(=O)c1cccc(N2C(=O)c3cccnc3C2=O)c1,6.6020599913279625
82,NS(=O)(=O)c1cc(C2(O)NC(=O)c3ccccc32)ccc1Cl,6.860120913598763
83,NS(=O)(=O)c1nnc(N2C(=O)c3cccnc3C2=O)s1,8.096910013008056
84,NS(=O)(=O)c1cc(S(N)(=O)=O)c(N2C(=O)c3cccnc3C2=O)cc1Cl,8.045757490560675
85,NS(=O)(=O)c1ccc(NC(=O)c2cccc(C(=O)O)n2)c(Cl)c1,7.6020599913279625
86,NS(=O)(=O)c1nnc(NC(=O)CCN2C(=O)c3cccnc3C2=O)s1,8.522878745280337
87,NS(=O)(=O)c1nc2ccc(N3C(=O)c4cccnc4C3=O)cc2s1,8.397940008672037
88,O=C(O)c1cc(O)cc(O)c1,6.292429823902063
89,COc1cc(C(C)(C)C)c(O)c(C(C)(C)C)c1,6.376750709602099
90,O=C(O)c1ccc(I)cc1,5.232844133917819
91,N#Cc1ccc(C(=O)O)cc1,5.168130225719498
92,O=C(O)c1ccc(CCl)cc1,5.360513510731414
93,NS(=O)(=O)c1ccc(SCCO)cc1,7.6777807052660805
94,CN(C)c1ccc(C(=O)O)cc1,5.47755576649368
95,CC(=O)Nc1ccc(C(=O)O)cc1,5.137868620686962
96,NC(=O)Nc1ccc(S(=O)(=O)Nc2ccc(S(N)(=O)=O)cc2)cc1,8.096910013008056
97,COc1ccc(C(=O)O)cc1OC,5.209011524911184
98,CP(=O)(O)O,7.008773924307505
99,OB(O)c1ccc2ccccc2c1,5.221848749616356
100,COC(=O)C=Cc1ccc(O)cc1,6.096910013008056
101,COC(=O)c1ccccc1S(N)(=O)=O,6.376750709602099
102,CCCc1ccc(S(N)(=O)=O)cc1,7.770062314092066
103,CCCCc1ccc(S(N)(=O)=O)cc1,8.300162274132754
104,CCCCCCCCCCOS(N)(=O)=O,9.154901959985743
105,ON=Cc1c(O)ccc(-c2ccc(O)c(F)c2)c1Cl,5.42712839779952
106,N#Cc1ccc(NS(N)(=O)=O)cc1,7.795880017344075
107,NS(=O)(=O)Nc1ccc(C(F)(F)F)cc1,8.154901959985743
108,NS(=O)(=O)NCc1ccccc1,6.920818753952375
109,NS(=O)(=O)Nc1ccc(Br)cc1,7.638272163982407
110,NS(=O)(=O)c1nc2ccccc2s1,7.522878745280337
111,NS(=O)(=O)Nc1ccc2ccccc2c1,7.443697499232712
112,NS(=O)(=O)Nc1c(F)c(F)c(F)c(F)c1F,7.494850021680094
113,CC(OS(N)(=O)=O)C(C)OS(N)(=O)=O,6.379863945026242
114,NS(=O)(=O)OCCCCCCCCCCOS(N)(=O)=O,7.610833915635467
115,CC1(C)OCC(COS(N)(=O)=O)O1,5.991399828238082
116,Cc1ccc(S(=O)(=O)NC(=O)NNC(=O)c2ccc(S(N)(=O)=O)cc2)cc1,8.008773924307505
117,Cc1ccccc1S(=O)(=O)NC(=O)NNC(=O)c1ccc(S(N)(=O)=O)cc1,7.267606240177032
118,CC(=O)NNc1ccccc1S(N)(=O)=O,6.578396073130169
119,Cc1ccc(S(=O)(=O)NC(=O)NNC(=O)c2ccccc2S(N)(=O)=O)cc1,7.070581074285707
120,NS(=O)(=O)c1ccccc1C(=O)NNC(=O)NS(=O)(=O)c1ccc(F)cc1,7.013228265733755
121,CNc1ccc(S(N)(=O)=O)cc1,6.794146304535075
122,NS(=O)(=O)c1ccc(C(=O)NNC(=O)Nc2ccc(C34CC5CC(CC(C5)C3)C4)cc2)cc1,7.481486060122112
123,NNc1ccc(S(N)(=O)=O)cc1F,7.292429823902063
124,NNc1ccc(S(N)(=O)=O)cc1Cl,7.119186407719209
125,NS(=O)(=O)c1ccc(NC(S)=NNc2ccccc2F)cc1,8.154901959985743
126,NCC(=O)NC(=S)NCCc1ccc(S(N)(=O)=O)cc1,8.096910013008056
127,NS(=O)(=O)c1ccc(C(=O)NNC(=O)Nc2ccc(Oc3ccccc3)cc2)cc1,7.7447274948966935
128,NCCCN1CCN(CCCNN=C(S)Nc2ccc(S(N)(=O)=O)cc2)CC1,6.823908740944319
129,NS(=O)(=O)c1ccc(Br)cc1,7.0915149811213505
130,NS(=O)(=O)c1ccccc1C(=O)NNC(=O)NS(=O)(=O)c1ccc(Cl)cc1,7.026872146400302
131,NS(=O)(=O)c1ccc(C(=O)NNC(=O)NS(=O)(=O)c2ccc(Cl)cc2)cc1,8.040958607678906
132,NS(=O)(=O)c1ccc(C(=O)NNC(=O)Nc2ccc(Cl)c(Cl)c2)cc1,7.886056647693163
133,NS(=O)(=O)c1ccccc1C(=O)NNC(=O)NS(=O)(=O)c1ccccc1,6.97061622231479
134,O=P(O)(O)c1ccccc1,7.00436480540245
135,CN1CCN(CC(=O)Nc2nnc(S(N)(=O)=O)s2)CC1,8.795880017344075
136,Cc1ccccc1S(=O)(=O)NC(=O)NNC(=O)c1ccccc1S(N)(=O)=O,7.036212172654444
137,NS(=O)(=O)c1ccc(CCN=C(S)NNCCN2CCNCC2)cc1,8.154901959985743
138,NNC(=O)c1ccc(S(N)(=O)=O)cc1,6.906578314837765
139,NC(N)=NCCCC(N)C(=O)NC(=S)NCCc1ccc(S(N)(=O)=O)cc1,7.795880017344075
140,NS(=O)(=O)c1ccc(NC(=O)CN2CCOCC2)cc1,7.060480747381382
141,NC(=O)CC(N)C(=O)NC(=S)NCCc1ccc(S(N)(=O)=O)cc1,7.958607314841775
142,NS(=O)(=O)c1ccc(C(=O)NNC(=O)NC2c3ccccc3-c3ccccc32)cc1,7.6020599913279625
143,NC(Cc1ccccc1)C(=O)NC(=S)NCCc1ccc(S(N)(=O)=O)cc1,7.920818753952375
144,NS(=O)(=O)c1ccc(CCN=C(S)NNc2ccccc2F)cc1,8.221848749616356
145,CN1CCN(NN=C(S)Nc2ccc(S(N)(=O)=O)cc2)CC1,7.1249387366083
146,NS(=O)(=O)c1ccc(C(=O)NNC(=O)NS(=O)(=O)c2ccc(F)cc2)cc1,8.022276394711152
147,NS(=O)(=O)c1ccc(CCN=C(S)NNc2ccc(C(=O)O)cc2)cc1,6.798602875679548
148,NS(=O)(=O)OCCCCCCCCCCCCCCCCOS(N)(=O)=O,6.249491605148654
149,NCCCN1CCN(CCCNN=C(S)NCCc2ccc(S(N)(=O)=O)cc2)CC1,6.732828271596986
150,CN(C)CCN=C(S)NCCc1ccc(S(N)(=O)=O)cc1,7.886056647693163
151,NC(CS)C(=O)NC(=S)NCCc1ccc(S(N)(=O)=O)cc1,8.221848749616356
152,CC(COS(N)(=O)=O)COS(N)(=O)=O,6.42021640338319
153,Cc1ccc(S(=O)(=O)Nc2ccccc2)cc1,6.403402904373539
154,CC1CCN(CCC(=O)Nc2ccc(S(N)(=O)=O)cc2)CC1,6.761953896871205
155,NS(=O)(=O)c1ccc(NC(=O)CCN2CCN(Cc3ccccc3)CC2)cc1,6.6307841425898575
156,NS(=O)(=O)c1nnc(NC(=O)CN2CCOCC2)s1,9.045757490560675
157,NS(=O)c1ccc(S(=O)(=O)Nc2cccc3c(Cl)c[nH]c23)cc1,7.823908740944319
158,NS(=O)(=O)c1ccc(Nc2nc(=O)[nH]c(=O)[nH]2)cc1,6.555955204081924
159,NS(=O)(=O)c1ccc(NC(S)=NNCCN2CCOCC2)cc1,7.886056647693163
160,CC1CCN(CCCC(=O)Nc2ccc(S(N)(=O)=O)cc2)CC1,6.576754126063192
161,NN(NC(=S)NCCc1ccc(S(N)(=O)=O)cc1)c1c(F)c(F)c(F)c(F)c1F,8.0
162,NS(=O)(=O)OCCCCCCOS(N)(=O)=O,8.080921907623926
163,NS(=O)(=O)OCCCCCCCCOS(N)(=O)=O,7.835647144215563
164,CN(N)c1ccc(S(N)(=O)=O)cc1,6.522878745280337
165,NS(=O)(=O)OCCCCCCCOS(N)(=O)=O,8.096910013008056
166,NS(=O)(=O)c1ccc(NC(=O)CCN2CCC(Cc3ccccc3)CC2)cc1,6.58838029403677
167,NS(=O)(=O)Oc1cccc(OS(N)(=O)=O)c1,8.0268721464003
168,CCOc1nc(NCc2ccc(S(N)(=O)=O)cc2)nc(OCC)n1,7.075720713938118
169,CNc1nc(NC)nc(NCCc2ccc(S(N)(=O)=O)cc2)n1,7.568636235841013
170,NS(=O)(=O)c1ccc2c(c1)CC(NC(=O)c1c(F)c(F)c(F)c(F)c1F)C2,8.167491087293763
171,CC1CCN(CC(=O)Nc2nnc(S(N)(=O)=O)s2)CC1,8.42021640338319
172,NS(=O)(=O)c1ccc(NC(=O)CCCCN2CCOCC2)cc1,7.113509274827518
173,COc1ccc(Cl)cc1C(=O)NC1Cc2ccc(S(N)(=O)=O)cc2C1,7.769551078621726
174,Cc1ccc(OS(N)(=O)=O)c(OS(N)(=O)=O)c1,7.823908740944319
175,NS(=O)(=O)c1ccc(NC(=O)CCN2CCOCC2)cc1,7.086186147616283
176,CC(C)(C)c1ccc(OS(N)(=O)=O)c(OS(N)(=O)=O)c1,8.221848749616356
177,NS(=O)(=O)c1nnc(NC(=O)CN2CCN(Cc3ccccc3)CC2)s1,8.744727494896694
178,NS(=O)(=O)c1ccc(CNc2nc(=O)[nH]c(=O)[nH]2)cc1,6.886056647693163
179,COc1nc(NCc2ccc(S(N)(=O)=O)cc2)nc(OC)n1,6.950781977329818
180,CC(=O)NC1Cc2ccc(S(N)(=O)=O)cc2C1,8.782516055786093
181,COc1nc(NCCc2ccc(S(N)(=O)=O)cc2)nc(OC)n1,7.6777807052660805
182,CCC(C)C(N=C(S)Nc1ccc(S(N)(=O)=O)cc1)C(=O)OCC(=O)NC,8.301029995663981
183,CCCCC(CCCC)C(=O)NC1Cc2ccc(S(N)(=O)=O)cc2C1,8.468521082957745
184,NC1Cc2ccc(S(=O)(=O)O)cc2C1,7.075720713938118
185,NS(=O)(=O)c1ccc(CCNc2nc(Cl)nc(Cl)n2)cc1,7.6777807052660805
186,CNc1nc(NC)nc(Nc2ccc(S(N)(=O)=O)cc2)n1,7.638272163982407
187,CNc1nc(NC)nc(NCc2ccc(S(N)(=O)=O)cc2)n1,7.823908740944319
188,NS(=O)(=O)c1ccc2c(c1)CC(NC(=O)c1c(F)c(F)cc(F)c1F)C2,7.920818753952375
189,NS(=O)(=O)c1ccc(CCN=C(S)N=C2C=CC(=C3c4ccc(O)cc4Oc4cc(O)ccc43)C(C(=O)O)=C2)cc1,7.346787486224656
190,NS(=O)(=O)c1ccc(N=C(S)N=C2C=CC(=C3c4ccc(O)cc4Oc4cc(O)ccc43)C(C(=O)O)=C2)c(Br)c1,7.366531544420414
191,NS(=O)(=O)c1cccc(NC(S)=Nc2ccc(-c3c4ccc(=O)cc-4oc4cc(O)ccc34)c(C(=O)O)c2)c1,7.2839966563652006
192,NS(=O)(=O)c1ccc(NC(S)=NC(Cc2c[nH]c3ccccc23)C(=O)O)cc1,7.958607314841775
193,NS(=O)(=O)c1ccc(N=C(S)N=C2C=CC(=C3c4ccc(O)cc4Oc4cc(O)ccc43)C(C(=O)O)=C2)c(I)c1,7.3979400086720375
194,CC(C)CC(N=C(S)Nc1ccc(S(N)(=O)=O)cc1)C(=O)O,8.301029995663981
195,NS(=O)(=O)c1nnc(NS(=O)(=O)c2ccc(NC(S)=NCCN3CCNCC3)cc2)s1,9.045757490560675
196,NS(=O)(=O)c1nnc(NS(=O)(=O)c2ccc(NC(S)=NN3CCOCC3)cc2)s1,9.045757490560675
197,CNC(=O)COC(=O)C(CCC(N)=O)N=C(S)Nc1ccc(S(N)(=O)=O)cc1,7.958607314841775
198,NS(=O)(=O)c1ccc(CNc2nc(Cl)nc(Cl)n2)cc1,7.886056647693163
199,Cc1cc(C)[n+](Cc2ccc(S(N)(=O)=O)cc2)cc1C,7.301029995663981
200,NC(=O)CCC(N=C(S)Nc1ccc(S(N)(=O)=O)cc1)C(=O)O,8.045757490560675
201,CSCCC(N=C(S)Nc1ccc(S(N)(=O)=O)cc1)C(=O)O,8.397940008672037
202,CN(C)c1nc(NCCc2ccc(S(N)(=O)=O)cc2)nc(N(C)C)n1,7.455931955649724
203,NS(=O)(=O)c1ccc(NC(=S)N2CCCC2C(=O)O)cc1,7.6020599913279625
204,CC(C)Nc1nc(NCCc2ccc(S(N)(=O)=O)cc2)nc(NC(C)C)n1,7.301029995663981
205,CC(N=C(S)Nc1ccc(S(N)(=O)=O)cc1)C(=O)O,7.920818753952375
206,CCCN(C)c1nc(NCCc2ccc(S(N)(=O)=O)cc2)nc(N(C)CCC)n1,7.443697499232712
207,CNC(=O)COC(=O)C(N=C(S)Nc1ccc(S(N)(=O)=O)cc1)C(C)C,8.301029995663981
208,O=C(O)c1cc(Cl)ccc1O,5.896196279044043
209,CCN(CC)CCNc1nc(NCCN(CC)CC)nc(Nc2ccc(S(N)(=O)=O)cc2)n1,6.665546248849069
210,CCN1CCCC1CNC(=O)c1cc(S(N)(=O)=O)ccc1OC,7.3979400086720375
211,CCCCNc1nc(NCCCC)nc(NCCc2ccc(S(N)(=O)=O)cc2)n1,6.787812395596042
212,CC1(C)OB(c2ccc(NS(N)(=O)=O)cc2)OC1(C)C,7.318758762624412
213,CCCCNc1nc(NCCCC)nc(Nc2ccc(S(N)(=O)=O)cc2)n1,6.835647144215563
214,CCCN(C)c1nc(Nc2ccc(S(N)(=O)=O)cc2)nc(N(C)CCC)n1,7.4089353929735005
215,NS(=O)(=O)c1ccc(CCNc2nc(Oc3ccccc3)nc(Oc3ccccc3)n2)cc1,7.080921907623926
216,NNc1nc(NN)nc(NCc2ccc(S(N)(=O)=O)cc2)n1,7.568636235841013
217,NNc1nc(NN)nc(Nc2ccc(S(N)(=O)=O)cc2)n1,7.7447274948966935
218,COC(=O)CNc1nc(Cl)nc(NCCc2ccc(S(N)(=O)=O)cc2)n1,7.481486060122112
219,CCCN(C)c1nc(NCc2ccc(S(N)(=O)=O)cc2)nc(N(C)CCC)n1,7.481486060122112
220,CN(C)c1nc(Nc2ccc(S(N)(=O)=O)cc2)nc(N(C)C)n1,7.4089353929735005
221,NS(=O)(=O)c1ccc(CCNc2nc(Cl)nc(NCCC(=O)O)n2)cc1,7.54515513999149
222,CCNc1nc(NCC)nc(NCc2ccc(S(N)(=O)=O)cc2)n1,7.853871964321762
223,Cc1ncc(CO)c(CNc2nc(NCc3ccc(S(N)(=O)=O)cc3)nc(NCc3c(CO)cnc(C)c3O)n2)c1O,6.2247537402597635
224,NS(=O)(=O)c1ccc(Nc2nc(NCCN3CCNCC3)nc(NCCN3CCNCC3)n2)cc1,6.486782399932061
225,CCN(CC)c1nc(Nc2ccc(S(N)(=O)=O)cc2)nc(N(CC)CC)n1,7.187086643357144
226,NS(=O)(=O)c1ccc(NC(S)=Nc2ccc(-c3c4ccc(=O)cc-4oc4cc(O)ccc34)c(C(=O)O)c2)cc1,7.3872161432802645
227,Cc1ncc(CO)c(CNc2nc(NCCc3ccc(S(N)(=O)=O)cc3)nc(NCc3c(CO)cnc(C)c3O)n2)c1O,6.116338564846382
228,CCCNc1nc(NCCC)nc(NCCc2ccc(S(N)(=O)=O)cc2)n1,7.080921907623926
229,CCN(CC)c1nc(NCc2ccc(S(N)(=O)=O)cc2)nc(N(CC)CC)n1,7.2076083105017466
230,Cc1ccc2c(c1)C1O[Zn]3(Cl)(Cl)(OC4C(=COc5ccc(C)cc54)C=[N+]3CCc3ccc(S(N)(=O)=O)cc3)[N+](CCc3ccc(S(N)(=O)=O)cc3)=CC1=CO2,7.7447274948966935
231,CCCNc1nc(NCCC)nc(Nc2ccc(S(N)(=O)=O)cc2)n1,7.309803919971486
232,CCCCCCCCCCNS(=O)(=O)NO,6.325138859262188
233,CS(=O)(=O)Nc1ccc(S(N)(=O)=O)cc1,7.1938200260161125
234,CN(C)CCN=C(S)Nc1ccc(S(=O)(=O)NCc2ccc(S(N)(=O)=O)cc2)cc1,7.920818753952375
235,CC(=O)Nc1ccc(Nc2ccc(S(N)(=O)=O)cc2)cc1,7.086186147616283
236,Cc1ccc2occ(C=NCc3ccc(S(N)(=O)=O)cc3)c(=O)c2c1,7.259637310505756
237,CN(C)c1nc(NCc2ccc(S(N)(=O)=O)cc2)nc(N(C)C)n1,7.481486060122112
238,NS(=O)(=O)c1ccc2c(c1)C=CS2(=O)=O,8.130768280269024
239,CN1CCN(CCN=C(S)Nc2ccc(S(=O)(=O)NCc3ccc(S(N)(=O)=O)cc3)cc2)CC1,7.987162775294828
240,CN(C)c1cccc2c(S(=O)(=O)Nc3nnc(S)s3)cccc12,5.102372908709558
241,O=S(=O)(NO)NCc1ccccc1,6.504455662453552
242,NS(=O)(=O)c1nnc(NS(=O)(=O)c2ccc(Br)cc2)s1,8.698970004336019
243,O=C(O)c1cccnc1C(=O)Nc1nnc(S)s1,5.040958607678906
244,NS(=O)(=O)c1cc(S(N)(=O)=O)c(C(F)(F)F)cc1N=Cc1coc2ccccc2c1=O,6.991399828238082
245,NS(=O)(=O)c1ccc(NS(=O)(=O)c2ccc(NC(S)=NN3CCOCC3)cc2)cc1,6.5376020021010435
246,NS(=O)(=O)c1ccc(CNS(=O)(=O)c2ccc(NC(S)=NCCN3CCOCC3)cc2)cc1,6.657577319177793
247,NS(=O)(=O)c1ccc(Nc2ccnc(N=Cc3coc4ccccc4c3=O)n2)cc1,7.481486060122112
248,NS(=O)(=O)c1ccc(CNS(=O)(=O)c2ccc(NC(S)=NN3CCOCC3)cc2)cc1,6.555955204081924
249,NS(=O)(=O)c1ccc2c(c1)S(=O)(=O)C=C2,8.1249387366083
250,CC1=CS(=O)(=O)c2cc(S(N)(=O)=O)ccc21,8.080921907623926
251,CCCCCCCCCCCCNS(=O)(=O)NO,7.047691990337875
252,NS(=O)(=O)c1ccc(CCN=C(S)Nc2ccc(S(=O)(=O)NCc3ccc(S(N)(=O)=O)cc3)cc2)cc1,7.337242168318426
253,NS(=O)(=O)c1ccc2c(c1)S(=O)(=O)CC2OCc1ccccc1,8.102372908709558
254,CN(C)CCN=C(S)Nc1ccc(S(=O)(=O)NCCc2ccc(S(N)(=O)=O)cc2)cc1,7.995678626217358
255,NS(=O)(=O)c1ccc(CN=C(S)Nc2ccccc2)cc1,7.920818753952375
256,O=S1(=O)C=Cc2ccc(S(=O)(=O)NCC3CC3)cc21,6.323306390375134
257,NS(=O)(=O)c1ccc(CNS(=O)(=O)c2ccc(NC(S)=NCc3ccccn3)cc2)cc1,6.5376020021010435
258,CCN1CCCC1CNC(=O)c1cc(S(N)(=O)=O)ccc1OC,7.3979400086720375
259,NS(=O)(=O)c1ccc(N=Cc2coc3ccccc3c2=O)cc1,7.552841968657781
260,NS(=O)(=O)c1ccc2c(c1)S(=O)(=O)CC2,8.05551732784983
261,Cc1ccc2occ(C=Nc3cc(C(F)(F)F)c(S(N)(=O)=O)cc3S(N)(=O)=O)c(=O)c2c1,6.876148359032914
262,CN1CCN(CCN=C(S)Nc2ccc(S(=O)(=O)Nc3ccc(S(N)(=O)=O)cc3)cc2)CC1,8.142667503568731
263,NS(=O)(=O)c1nnc(NC(=O)c2ccco2)s1,8.221848749616356
264,NS(=O)(=O)NO,6.247183568811728
265,NS(=O)(=O)c1ccc(CN2CC3=COc4ccccc4C3O[Zn]23(Cl)(Cl)OC2C(=COc4ccccc42)CN3Cc2ccc(S(N)(=O)=O)cc2)cc1,8.721246399047171
266,Cc1cc(=O)oc2cc(CS(N)(=O)=O)ccc12,7.494850021680094
267,Cn1nc(S(N)(=O)=O)sc1=NC(=O)c1c(F)c(F)c(F)c(F)c1F,8.823908740944319
268,Cc1ccc2occ(C=NCCc3ccc(S(N)(=O)=O)cc3)c(=O)c2c1,7.221848749616356
269,NS(=O)(=O)c1ccc(CN=Cc2coc3ccccc3c2=O)cc1,7.853871964321762
270,CC(C)(C)c1ccc(C(=O)Nc2cccc(S(N)(=O)=O)c2)cc1,6.6777807052660805
271,CC(C)(C)c1ccc(C(=O)Nc2ccccc2S(N)(=O)=O)cc1,6.617982957425132
272,CCC(=O)NC1Cc2ccc(S(N)(=O)=O)cc2C1,8.0
273,CC(C)(C)c1ccc(S(=O)(=O)Nc2ccccc2S(N)(=O)=O)cc1,6.450996737974212
274,CC(C)(C)c1ccc(C(=O)NCCc2ccc(S(N)(=O)=O)cc2)cc1,6.910094888560602
275,CC(C)(C)c1ccc(S(=O)(=O)CCNc2ccc(S(N)(=O)=O)cc2)cc1,7.026872146400302
276,CC(C)(C)c1ccc(S(=O)(=O)Nc2ccc(S(N)(=O)=O)cc2)cc1,6.924453038607469
277,NS(=O)(=O)c1ccc2c(c1)CC(NC(=O)C1CCCCC1)C2,6.928117992693875
278,CCCC(=O)NC1Cc2ccc(S(N)(=O)=O)cc2C1,7.337242168318426
279,NS(=O)(=O)c1ccc2c(c1)CCC2NC(=O)c1c(F)c(F)c(F)c(F)c1F,6.309803919971486
280,NS(=O)(=O)c1ccc2c(c1)CCC2NC(=O)C1CCCCC1,7.494850021680094
281,CCCC(CCC)C(=O)NC1CCc2cc(S(N)(=O)=O)ccc21,8.920818753952375
282,CC(C)(C)c1ccc(S(=O)(=O)CNc2ccc(S(N)(=O)=O)cc2)cc1,6.982966660701219
283,CC(C)(C)c1ccc(C(=O)Nc2nnc(S(N)(=O)=O)s2)cc1,7.7447274948966935
284,CC(C)(C)c1ccc(S(=O)(=O)Nc2cccc(S(N)(=O)=O)c2)cc1,6.692503962086787
285,CC(C)(C)c1ccc(S(=O)(=O)Nc2nnc(S(N)(=O)=O)s2)cc1,7.823908740944319
286,Oc1cc(O)c2c(c1)OC(c1ccc(O)c(O)c1)C(O)C2,5.735182176990463
287,CCCCC(=O)NC1Cc2ccc(S(N)(=O)=O)cc2C1,8.1249387366083
288,CCCCCCCCCC(=O)NC1Cc2ccc(S(N)(=O)=O)cc2C1,6.892790030352131
289,COc1cc(C(=O)O)cc(OC)c1O,5.496209316942819
290,NS(=O)(=O)c1ccc(NC(=O)CCSSCCC(=O)Nc2ccc(S(N)(=O)=O)cc2)cc1,7.026872146400302
291,NS(=O)(=O)c1ccc(NC(=O)CCS)c(F)c1,8.013228265733755
292,COC(=O)CS(=O)(=O)c1cc(Cl)c(C)cc1S(N)(=O)=O,8.017728766960431
293,NS(=O)(=O)c1ccc(NC(=O)CCSSCCC(=O)Nc2ccc(S(N)(=O)=O)cc2Cl)c(Cl)c1,7.4089353929735005
294,NS(=O)(=O)c1ccc(NC(=O)CCSSCCC(=O)Nc2ccc(S(N)(=O)=O)cc2F)c(F)c1,7.1938200260161125
295,NS(=O)(=O)c1cc(C(=O)NCc2ccccc2)c(Cl)cc1S,7.701146923590294
296,O=C(NO)Nc1ccc(Cl)c(Cl)c1,6.508638306165727
297,NS(=O)(=O)c1ccc(CCNC(=O)c2ccccc2S)cc1,7.5376020021010435
298,NS(=O)(=O)c1cc(C(=O)N2CCCC2)c(Cl)cc1SSc1cc(Cl)c(C(=O)N2CCCC2)cc1S(N)(=O)=O,5.335358024443875
299,NS(=O)(=O)c1ccc(CCNC(=O)CCSSCCC(=O)NCCc2ccc(S(N)(=O)=O)cc2)cc1,7.1487416512809245
300,Cc1cc(S(N)(=O)=O)c(S(=O)(=O)C(C)C(=O)NN)cc1Cl,6.27083521030723
301,NS(=O)(=O)c1ccc(NC(=O)CCS)cc1,7.568636235841013
302,NS(=O)(=O)c1cc(C(=O)NCc2ccccc2)c(Cl)cc1SSc1cc(Cl)c(C(=O)NCc2ccccc2)cc1S(N)(=O)=O,5.214670164989233
303,Cc1cc(S(N)(=O)=O)c(S(=O)(=O)CC(=O)O)cc1Cl,6.262012673666569
304,NS(=O)(=O)c1ccc(CCNC(=O)CCS)cc1,7.619788758288394
305,CCOC(=O)c1cc(S(N)(=O)=O)c(S)cc1Cl,7.732828271596986
306,NS(=O)(=O)c1cc2c(cc1S)NCNS2(=O)=O,8.062983892535186
307,CSc1cc2c(cc1S(N)(=O)=O)S(=O)(=O)NCN2,5.42021640338319
308,C#CCOC(=O)c1ccc(S(N)(=O)=O)cc1,7.346787486224656
309,Cc1cc(C(C)(C)C)c(O)c(C(C)(C)C)c1,6.200659450546418
310,CC12CCC3c4ccc(OS(N)(=O)=O)cc4CCC3C1CCC2OS(N)(=O)=O,8.301029995663981
311,N=[N+]=Nc1ccc(S(N)(=O)=O)cc1,7.327902142064283
312,NS(=O)(=O)c1ccc(O)cc1,7.096910013008056
313,COc1ccc(S(=O)(=O)N(CC(=O)NO)OC(C)C)cc1,7.040958607678906
314,NS(=O)(=O)c1ccc(NC2OC(CO)C(O)C(O)C2O)cc1,7.638272163982407
315,CC1OC(Nc2ccc(S(N)(=O)=O)cc2)C(O)C(O)C1O,8.0
316,CCCCCCCCCCCCCCON(CC(=O)NO)S(=O)(=O)c1ccc(OC)cc1,7.013228265733755
317,O=C(CNOCc1ccc(Cl)cc1)NO,5.318758762624412
318,COc1ccc(S(=O)(=O)N(CC(=O)NO)OC2C3CC4CC(C3)CC2C4)cc1,7.017728766960431
319,O=S(=O)(NCc1ccccc1)NCc1ccccc1,6.187086643357144
320,CC(NOCc1ccc(Cl)cc1)C(=O)NO,5.327902142064283
321,CCCCC(NOCc1ccccc1)C(=O)NO,5.107905397309519
322,COc1ccc(S(=O)(=O)N(CC(=O)NO)OCc2ccc(OCc3ccccc3)cc2)cc1,7.022276394711152
323,CC1(C)OC2COC3(CNC(=S)Nc4ccc(S(N)(=O)=O)cc4Cl)OC(C)(C)OC3C2O1,7.958607314841775
324,CC1(C)OC2COC3(CNC(=S)Nc4ccc(S(N)(=O)=O)cc4F)OC(C)(C)OC3C2O1,8.221848749616356
325,COc1ccc(S(=O)(=O)N(CC(=O)NO)CC(=O)NCCc2ccc(S(N)(=O)=O)cc2)cc1,7.2441251443275085
326,NS(=O)(=O)c1ccc(CCNC(=O)CN(CC(=O)NO)S(=O)(=O)c2ccc(Oc3ccccc3)cc2)cc1,7.187086643357144
327,CC1(C)OC2COC3(CNC(=S)Nc4ccc(S(N)(=O)=O)cc4)OC(C)(C)OC3C2O1,7.2076083105017466
328,CC1(C)OC2COC3(CNC(=S)Nc4cccc(S(N)(=O)=O)c4)OC(C)(C)OC3C2O1,6.1249387366083
329,NS(=O)(=O)c1ccc(CCNC(=O)CN(CC(=O)NO)S(=O)(=O)c2ccc(-c3ccccc3)cc2)cc1,7.455931955649724
330,NS(=O)(=O)c1ccc(CCNC(=O)CN(CC(=O)NO)Cc2ccccc2)cc1,7.200659450546418
331,O=C(NN=Cc1ccc(O)cc1)Nc1n[nH]c(=S)s1,5.416801226031377
332,CC(=NNC(=O)Nc1n[nH]c(=S)s1)c1ccccc1,5.432973633840939
333,CN(C)c1ccccc1C=NNC(=O)Nc1n[nH]c(=S)s1,5.0338582672609675
334,CC(=NNC(=O)Nc1n[nH]c(=S)s1)c1ccc(C)cc1,5.434152181326482
335,O=C(NN=C(c1ccccc1)c1ccccc1)Nc1n[nH]c(=S)s1,5.548213564475709
336,CC(C)CC=NNC(=O)Nc1n[nH]c(=S)s1,5.053056729302175
337,O=C(NN=C1C(=O)Nc2ccc(Br)cc21)Nc1n[nH]c(=S)s1,5.098541678603888
338,NNC(=O)Nc1n[nH]c(=S)s1,5.036212172654444
339,CCOC(=O)C=Cc1ccc(O)cc1,6.1487416512809245
340,C=C(C)C1CCC2(COS(N)(=O)=O)CCC3(C)C(CCC4C5(C)CCC(OS(N)(=O)=O)C(C)(C)C5CCC43C)C12,7.8326826652518236
341,NS(=O)(=O)c1ccc(CCNC(=S)Nc2ccccc2)cc1,7.275724130399211
342,NS(=O)(=O)c1ccc(CCNC(=S)NC(=O)Nc2ccc(Cl)c(Cl)c2)cc1,8.0
343,NC(=O)Nc1ccc(S(=O)(=O)Nc2cccc(S(N)(=O)=O)c2)cc1,8.0
344,NS(=O)(=O)c1nnc(NC(=O)Nc2ccc(Cl)c(Cl)c2)s1,8.221848749616356
345,NS(=O)(=O)c1ccc(CCN=Cc2ccc[nH]2)cc1,7.920818753952375
346,Cn1cccc1C=NCCc1ccc(S(N)(=O)=O)cc1,8.0
347,NS(=O)(=O)c1ccc(CCN=Cc2ccncc2)cc1,7.823908740944319
348,Oc1ccc(Cc2ccc(O)c(O)c2)cc1O,5.249029015562681
349,CC1(C)CC(NC(=S)Nc2ccc(S(=O)(=O)Nc3cccc(S(N)(=O)=O)c3)cc2)CC(C)(C)N1O,6.818156412055227
350,Cc1ccc(S(=O)(=O)NC(=O)Nc2c(S(N)(=O)=O)cc(S(N)(=O)=O)c(Cl)c2Cl)cc1,7.920818753952375
351,CC1(C)CC(NC(=S)Nc2cccc(S(N)(=O)=O)c2)CC(C)(C)N1O,6.782516055786093
352,Cc1cn(-c2cc(NC(=O)c3ccc(C)c(Nc4nccc(-c5cccnc5)n4)c3)cc(C(F)(F)F)c2)cn1,8.387216143280265
353,CC1(C)CC(NC(=S)Nc2ccc(S(N)(=O)=O)cc2)CC(C)(C)N1O,7.3872161432802645
354,CC1(C)CC(NC(=S)Nc2ccc(S(=O)(=O)NCc3ccc(S(N)(=O)=O)cc3)cc2)CC(C)(C)N1O,7.698970004336019
355,CC1(C)CC(NC(=S)NCCc2ccc(S(N)(=O)=O)cc2)CC(C)(C)N1O,7.552841968657781
356,Nc1cc(Cl)c(S(N)(=O)=O)cc1S(N)(=O)=O,7.1249387366083
357,NS(=O)(=O)c1cc2c(cc1Cl)NCNS2(=O)=O,6.5376020021010435
358,COc1ccc(S(=O)(=O)N(Cc2cccnc2)C(C(=O)NO)C(C)C)cc1,5.0655015487564325
359,O=C(O)c1ccccc1O,5.148130399270234
360,CC(=O)N=c1sc(S(N)(=O)=O)nn1C,7.853871964321762
361,Nc1ccc(S(N)(=O)=O)cc1I,7.154901959985743
362,CC1Cc2ccccc2N1NC(=O)c1ccc(Cl)c(S(N)(=O)=O)c1,5.598599459218456
363,Nc1ccc(S(=O)(=O)NCc2ccc(S(N)(=O)=O)cc2)cc1,7.403402904373539
364,NS(=O)(=O)c1ccc(N=Cc2ccc(O)cc2)cc1,6.153786636120612
365,NS(=O)(=O)c1cccc2cccnc12,6.903089986991944
366,Nc1ccc(S(=O)(=O)Nc2ccc(S(N)(=O)=O)cc2)cc1,7.337242168318426
367,Cc1c(-c2ccc(O)cc2)ccc(C=NO)c1O,5.197226274708024
368,N#Cc1c(-c2ccc(O)cc2)ccc(C=NO)c1O,5.231361898752385
369,C#Cc1ccc(S(N)(=O)=O)cc1,8.292429823902063
370,Cc1ccc2c(c1)C1O[Zn]3(Cl)(Cl)(OC4C(=COc5ccc(C)cc54)CN3Cc3ccc(S(N)(=O)=O)cc3)N(Cc3ccc(S(N)(=O)=O)cc3)CC1=CO2,8.275724130399212
371,Cc1ccc(-c2cc(C(F)(F)F)nn2-c2ccc(S(N)(=O)=O)cc2)cc1,7.6777807052660805
372,CCC(=O)Nc1ccc(S(N)(=O)=O)cc1,6.634512015109101
373,CC(C)(C)c1cccc(C(C)(C)C)c1O,6.292429823902063
374,Oc1ccccc1O,5.004145520125434
375,NS(=O)(=O)Oc1ccc(Br)cc1,8.823908740944319
376,CC1(C)OC2COC3(CNS(N)(=O)=O)OC(C)(C)OC3C2O1,5.670602120638957
377,CCCCC(=O)Nc1ccc(S(N)(=O)=O)cc1,6.669586226650809
378,O=C(O)C=Cc1ccc(O)c(O)c1,5.79317412396815
379,O=C(O)c1cc(O)c(O)c(O)c1,5.647817481888637
380,NS(=O)(=O)Oc1ccc2c3c(c(=O)oc2c1)CCCCC3,7.6777807052660805
381,NS(=O)(=O)Oc1ccc(C(F)(F)F)cc1,6.860120913598763
382,Nc1c(Br)cc(S(N)(=O)=O)cc1Br,7.136677139879544
383,Oc1cccc(O)c1O,6.267606240177032
384,Nc1cccc(C(=O)O)c1,5.06398920428479
385,O=C1NS(=O)(=O)c2ccccc21,5.225154700404148
386,CCN(CC)CCNC(=O)c1ccc(S(=O)(=O)Nc2nnc(S(N)(=O)=O)s2)cc1,8.853871964321762
387,NS(=O)(=O)c1ccc(NC(=O)Nc2c(F)c(F)c(F)c(F)c2F)cc1,7.301029995663981
388,O=C(O)c1ccc(F)cc1,5.476253533188435
389,COC(=O)c1ccc(O)cc1,5.468521082957745
390,NS(=O)(=O)c1ccccc1NC(=O)c1cccc(C(=O)O)n1,6.585026652029182
391,O=C(O)c1ccc(O)cc1O,5.309803919971486
392,NS(=O)(=O)c1ccc(N2C(=O)c3cccnc3C2=O)cc1,6.87942606879415
393,NS(N)(=O)=O,8.94692155651658
394,NS(=O)(=O)OCCCCOS(N)(=O)=O,8.013228265733755
395,CCc1ccc(S(N)(=O)=O)cc1,7.5300307905000405
396,Cc1cc(C)[n+](CCc2ccc(S(N)(=O)=O)cc2)c(C)c1,7.6777807052660805
397,NS(=O)(=O)c1ccc(CCNc2nc(=O)[nH]c(=O)[nH]2)cc1,7.008773924307505
398,NS(=O)(=O)c1ccc(NC(=O)CCCN2CCOCC2)cc1,6.982966660701219
399,NS(=O)(=O)OCc1ccc(COS(N)(=O)=O)cc1,6.191789027075778
400,CC(=O)NC1Cc2ccc(S(=O)(=O)O)cc2C1,7.187086643357144
401,CNC(=O)COC(=O)C(CCSC)N=C(S)Nc1ccc(S(N)(=O)=O)cc1,8.301029995663981
402,NC(=O)CC(N=C(S)Nc1ccc(S(N)(=O)=O)cc1)C(=O)O,8.221848749616356
403,NS(=O)(=O)c1ccc(CNS(=O)(=O)c2ccc(NC(S)=Nc3ccc(-c4c5ccc(=O)cc-5oc5cc(O)ccc45)c(C(=O)O)c3)cc2)cc1,7.468521082957745
404,O=[As](O)(O)c1ccccc1,7.308034897232639
405,CC(=O)NC1CCc2cc(S(N)(=O)=O)ccc21,6.989276134608227
406,CN1CCN(NN=C(S)NCCc2ccc(S(N)(=O)=O)cc2)CC1,7.318758762624412
407,NS(=O)(=O)c1ccc2c(c1)CCC2,7.2839966563652006
408,NS(=O)(=O)c1nnc(-c2ccccc2Cl)s1,7.920818753952375
409,NS(=O)(=O)c1ccc(C(=O)NNC(=O)NS(=O)(=O)c2ccccc2)cc1,7.173925197299173
410,NS(=O)(=O)c1nnc(NS(=O)(=O)c2ccc(NC(S)=Nc3ccc(-c4c5ccc(=O)cc-5oc5cc(O)ccc45)c(C(=O)O)c3)cc2)s1,7.568636235841013
411,NNC(=O)c1ccccc1S(N)(=O)=O,6.471083299722345
412,Nc1nc(N)nc(NCc2ccc(S(N)(=O)=O)cc2)n1,7.795880017344075
413,O=C(Nc1nnc(S)s1)NS(=O)(=O)Nc1nnc(S)s1,5.086186147616283
414,CN1CCN(CCC(=O)Nc2nnc(S(N)(=O)=O)s2)CC1,8.721246399047171
415,O=C(Nc1ccc(Cl)c(Cl)c1)Nc1nnc(S)s1,5.040958607678906
416,NS(=O)(=O)c1ccc(CNS(=O)(=O)c2ccc(NC(S)=NCCc3ccccc3)cc2)cc1,6.1938200260161125
417,Nc1nc(N)nc(NCCc2ccc(S(N)(=O)=O)cc2)n1,7.6777807052660805
418,NS(=O)(=O)c1ccc2c(c1)CC(NC(=O)c1ccc(Cl)cc1)C2,8.1249387366083
419,NN(NC(=S)Nc1ccc(S(N)(=O)=O)cc1)c1c(F)c(F)c(F)c(F)c1F,7.721246399047171
420,NS(=O)(=O)c1cc(S(N)(=O)=O)c(NC(=O)Nc2ccccc2)cc1Cl,7.0
421,CC(C)Nc1nc(Nc2ccc(S(N)(=O)=O)cc2)nc(NC(C)C)n1,7.42021640338319
422,COc1nc(Nc2ccc(S(N)(=O)=O)cc2)nc(OC)n1,7.443697499232712
423,NS(=O)(=O)c1ccc(NC(S)=NC(Cc2ccccc2)C(=O)O)cc1,8.221848749616356
424,CCNc1nc(NCC)nc(NCCc2ccc(S(N)(=O)=O)cc2)n1,7.638272163982407
425,CN(C)CCN=C(S)Nc1ccc(S(=O)(=O)Nc2nnc(S(N)(=O)=O)s2)cc1,9.045757490560675
426,NS(=O)(=O)c1ccc(CCN=C(S)Nc2ccc(S(N)(=O)=O)cc2)cc1,8.397940008672037
427,NS(=O)(=O)OCCCCCCCCCCCCOS(N)(=O)=O,7.0746879085003505
428,CC(C)C(N=C(S)Nc1ccc(S(N)(=O)=O)cc1)C(=O)O,8.301029995663981
429,Cc1ncc(CO)c(CNc2nc(NCc3c(CO)cnc(C)c3O)nc(Nc3ccc(S(N)(=O)=O)cc3)n2)c1O,6.346787486224656
430,CNC(=O)COC(=O)C(Cc1ccccc1)N=C(S)Nc1ccc(S(N)(=O)=O)cc1,8.096910013008056
431,NS(=O)(=O)c1ccc(CNc2nc(Oc3ccccc3)nc(Oc3ccccc3)n2)cc1,6.906578314837765
432,NS(=O)(=O)c1ccc(N2CC3=COc4ccccc4C3O[Zn]23(Cl)(Cl)OC2C(=COc4ccccc42)CN3c2ccc(S(N)(=O)=O)cc2)cc1,8.494850021680094
433,NS(=O)(=O)c1nnc(NS(=O)(=O)c2ccc(NC(S)=NCCN3CCOCC3)cc2)s1,9.096910013008056
434,CN1CCN(N=C(S)Nc2ccc(S(=O)(=O)Nc3nnc(S(N)(=O)=O)s3)cc2)CC1,9.154901959985743
435,CNC(=O)COc1ccc(COC(=O)C(C)N=C(S)Nc2ccc(S(N)(=O)=O)cc2)cc1,7.795880017344075
436,NS(=O)(=O)c1ccc(NS(=O)(=O)c2ccc(NC(S)=NCCN3CCOCC3)cc2)cc1,6.7447274948966935
437,CCC(C)C(N=C(S)Nc1ccc(S(N)(=O)=O)cc1)C(=O)O,8.397940008672037
438,CN(C)CCN=C(S)Nc1ccc(S(=O)(=O)Nc2ccc(S(N)(=O)=O)cc2)cc1,8.09151498112135
439,NS(=O)(=O)c1ccc(CCN=C(S)NNc2c(F)c(F)c(F)c(F)c2F)cc1,7.7447274948966935
440,CNC(=O)COC(=O)C(CC(N)=O)N=C(S)Nc1ccc(S(N)(=O)=O)cc1,8.397940008672037
441,NS(=O)(=O)c1ccc(N=C(S)N=C2C=CC(=C3c4ccc(O)cc4Oc4cc(O)ccc43)C(C(=O)O)=C2)c(Cl)c1,7.2839966563652006
442,CCOc1nc(Nc2ccc(S(N)(=O)=O)cc2)nc(OCC)n1,7.698970004336019
443,CCOc1nc(NCCc2ccc(S(N)(=O)=O)cc2)nc(OCC)n1,7.638272163982407
444,CNC(=O)COC(=O)C1CCCN1C(S)=Nc1ccc(S(N)(=O)=O)cc1,7.337242168318426
445,NS(=O)(=O)c1ccc(Nc2nc(Cl)nc(Cl)n2)cc1,6.97469413473523
446,COc1ccc(-n2c(S)nnc2-c2ccc(S(=O)(=O)c3ccc(Br)cc3)cc2)cc1,5.00436480540245
447,NS(=O)(=O)c1ccc(CCN2CC3=COc4ccccc4C3O[Zn]23(Cl)(Cl)OC2C(=COc4ccccc42)CN3CCc2ccc(S(N)(=O)=O)cc2)cc1,8.568636235841012
448,NS(=O)(=O)c1ccc(C(=O)NNC(=O)Nc2ccc(-c3ccccc3)cc2)cc1,7.958607314841775
449,Nc1nnc(S)s1,5.036212172654444
450,CC(=O)c1ccc(NC(=O)NNC(=O)c2ccc(S(N)(=O)=O)cc2)cc1,7.823908740944319
451,NS(=O)(=O)c1ccc(Nc2nc(Oc3ccccc3)nc(Oc3ccccc3)n2)cc1,6.860120913598763
452,CCCCOC1CS(=O)(=O)c2cc(S(N)(=O)=O)ccc21,8.200659450546418
453,Cc1ccc2occ(C=Nc3nccc(Nc4ccc(S(N)(=O)=O)cc4)n3)c(=O)c2c1,7.3872161432802645
454,Cc1ccc2c(c1)C1O[Zn]3(Cl)(Cl)(OC4C(=COc5ccc(C)cc54)CN3c3ccc(S(N)(=O)=O)cc3)N(c3ccc(S(N)(=O)=O)cc3)CC1=CO2,8.309803919971486
455,NNc1nc(NN)nc(NCCc2ccc(S(N)(=O)=O)cc2)n1,7.508638306165727
456,NS(=O)(=O)Cc1ccccc1,6.1904402853647325
457,Cc1ccc2c(c1)C1O[Zn]3(Cl)(Cl)(OC4C(=COc5ccc(C)cc54)C=[N+]3Cc3ccc(S(N)(=O)=O)cc3)[N+](Cc3ccc(S(N)(=O)=O)cc3)=CC1=CO2,7.853871964321762
458,NS(=O)(=O)c1ccc(C(=O)NNC(=O)Nc2ccc(Br)cc2)cc1,8.136677139879543
459,O=S(=O)(NO)NCc1ccc(-c2ccccc2)cc1,7.296708621881338
460,CCCCn1c(S)nnc1-c1ccc(S(=O)(=O)c2ccc(Br)cc2)cc1,5.008773924307505
461,CCCCNc1nc(NCCCC)nc(NCc2ccc(S(N)(=O)=O)cc2)n1,6.756961951313706
462,O=C(O)c1c(F)c(F)cc(F)c1F,5.221848749616356
463,CCOC(=O)c1ccc(NC(=O)NNC(=O)c2ccc(S(N)(=O)=O)cc2)cc1,8.045757490560675
464,NS(=O)(=O)c1cccc(NC(=O)Nc2ccccc2)c1,6.823908740944319
465,NS(=O)(=O)c1nnc(NC(=O)CCSSCCC(=O)Nc2nnc(S(N)(=O)=O)s2)s1,7.214670164989233
466,Nc1cccc(O)c1,5.327902142064283
467,COc1ccc(S(=O)(=O)N(CC(=O)NO)OCc2ccc(Cl)cc2)cc1,5.376750709602099
468,NS(=O)(=O)c1ccc(NC(=O)CCS)c(Cl)c1,8.050609993355087
469,Cc1ccc2occ(C=Nc3ccc(S(N)(=O)=O)cc3)c(=O)c2c1,7.455931955649724
470,CC(=O)Nc1nnc(S)s1,5.055517327849831
471,CCCC(CCC)C(=O)NC1Cc2ccc(S(N)(=O)=O)cc2C1,9.045757490560675
472,NS(=O)(=O)c1ccc(CCN=Cc2coc3ccccc3c2=O)cc1,7.6777807052660805
473,C#CCNC(=O)c1ccc(S(N)(=O)=O)cc1,7.327902142064283
474,CC(C)(C)c1ccc(C(=O)NCc2ccc(S(N)(=O)=O)cc2)cc1,6.896196279044043
475,Cc1ccc2c(c1)C1O[Zn]3(Cl)(Cl)(OC4C(=COc5ccc(C)cc54)CN3CCc3ccc(S(N)(=O)=O)cc3)N(CCc3ccc(S(N)(=O)=O)cc3)CC1=CO2,8.10790539730952
476,CCOC(=O)c1cc(S(N)(=O)=O)c(SSc2cc(Cl)c(C(=O)OCC)cc2S(N)(=O)=O)cc1Cl,5.254144804826271
477,Cc1cc(S(N)(=O)=O)c(S(=O)(=O)CC(=O)NN)cc1Cl,8.036212172654444
478,NS(=O)(=O)c1cc(C(=O)N2CCCC2)c(Cl)cc1S,7.707743928643524
479,NS(=O)(=O)c1ccc(NC(=O)c2ccccc2S)cc1,7.795880017344075
480,COC(=O)C(C)S(=O)(=O)c1cc(Cl)c(C)cc1S(N)(=O)=O,6.61261017366127
481,O=C(NN=C1C(=O)Nc2ccccc21)Nc1n[nH]c(=S)s1,5.077793722560983
482,NS(=O)(=O)c1ccc(CCNC(=O)CN(CC(=O)O)S(=O)(=O)c2ccc(-c3ccccc3)cc2)cc1,8.075720713938118
483,CC1(C)OC2COC3(CNC(=S)NCCc4ccc(S(N)(=O)=O)cc4)OC(C)(C)OC3C2O1,8.0
484,CC(C)CSc1cc2c(cc1S(N)(=O)=O)S(=O)(=O)NCN2,5.572676213642753
485,O=C(O)c1cc(O)ccc1O,5.3872161432802645
486,CCC(C)ON(C(C(=O)NO)C(C)C)S(=O)(=O)c1ccc(OC)cc1,5.017728766960431
487,CCCCC(NOCc1ccc(Cl)cc1)C(=O)NO,5.214670164989233
488,NS(=O)(=O)c1ccc(CCNC(=O)CN(CC(=O)O)S(=O)(=O)c2ccc(Oc3ccccc3)cc2)cc1,8.031517051446064
489,O=C(NN=Cc1cccnc1)Nc1n[nH]c(=S)s1,5.684029654543083
490,O=C(NN=Cc1ccc(F)cc1)Nc1n[nH]c(=S)s1,5.416801226031377
491,NS(=O)(=O)c1ccc(NC2OC(CO)C(O)C(O)C2O)cc1,7.6020599913279625
492,COc1cccc(C=NNC(=O)Nc2n[nH]c(=S)s2)c1,5.573488738635425
493,CC1(C)OC2COC3(CNC(=S)Nc4ccc(S(=O)(=O)NCc5ccc(S(N)(=O)=O)cc5)cc4F)OC(C)(C)OC3C2O1,8.096910013008056
494,CC1(C)OC2COC3(CNC(=S)Nc4ccc(S(=O)(=O)Nc5nnc(S(N)(=O)=O)s5)cc4F)OC(C)(C)OC3C2O1,8.045757490560675
495,S=C(S)N1CCCC1,7.560667306169737
496,Cn1cccc1C=NCc1ccc(S(N)(=O)=O)cc1,7.698970004336019
497,NS(=O)(=O)c1ccc(CCN=Cc2ccccc2OC(=O)NS(=O)(=O)c2ccc(Cl)cc2)cc1,7.0
498,Nc1nc(N)c2nc(CNCCc3ccc(S(N)(=O)=O)cc3)cnc2n1,7.346787486224656
499,CC1(C)CC(NC(=S)NCc2ccc(S(N)(=O)=O)cc2)CC(C)(C)N1O,7.376750709602099
500,CC1(C)CC(NC(=S)Nc2ccc(S(N)(=O)=O)cc2F)CC(C)(C)N1O,7.431798275933005
501,CC1(C)OC2C3OC4(CCCCC4)OC3COC2(COS(N)(=O)=O)O1,5.795880017344075
502,NS(=O)(=O)c1ccc(C(=O)O)cc1,6.836639817748247
503,NS(=O)(=O)c1ccc(NC(=O)C(F)(F)F)cc1,6.876148359032914
504,NS(=O)(=O)c1ccc(NC(=O)c2ccccc2SSc2ccccc2C(=O)Nc2ccc(S(N)(=O)=O)cc2)cc1,5.303206914918256
505,CC(C)(C)c1ccc(C(=O)Nc2ccc(S(N)(=O)=O)cc2)cc1,6.876148359032914
506,CNC(=O)COC(=O)C(CC(C)C)N=C(S)Nc1ccc(S(N)(=O)=O)cc1,8.154901959985743
507,NS(=O)(=O)c1ccc(CNc2nc(NCCN3CCNCC3)nc(NCCN3CCNCC3)n2)cc1,6.471083299722345
508,NS(=O)(=O)c1nnc(NS(=O)(=O)c2ccc(NC(S)=Nc3ccccc3F)cc2)s1,9.301029995663981
509,Nc1ccc(S(=O)(=O)NC2NN=C(S(N)(=O)=O)S2)cc1,8.698970004336019
510,Cc1ccc(S(=O)(=O)NC(=O)Oc2ccccc2C=NCCc2ccc(S(N)(=O)=O)cc2)cc1,6.958607314841775
511,Cn1nc(S(N)(=O)=O)sc1=NC(=O)CCSSCCC(=O)N=c1sc(S(N)(=O)=O)nn1C,7.376750709602099
512,NS(=O)(=O)c1cc(S(N)(=O)=O)c(N2C(=O)c3cccnc3C2=O)c(Cl)c1Cl,7.920818753952375
513,CCCNc1nc(NCCC)nc(NCc2ccc(S(N)(=O)=O)cc2)n1,7.200659450546418
514,NS(=O)(=O)c1nnc(NS(=O)(=O)c2ccc(NC(S)=NCCCN3CCN(CCCN=C(S)Nc4ccc(S(=O)(=O)Nc5nnc(S(N)(=O)=O)s5)cc4)CC3)cc2)s1,9.045757490560675
515,CC1(C)CC(NC(=S)Nc2ccc(S(N)(=O)=O)cc2Cl)CC(C)(C)N1O,7.920818753952375
516,CCCCCc1ccc(S(N)(=O)=O)cc1,8.860120913598763
517,COc1ccc(S(=O)(=O)N(OC(C)C)C(C(=O)NO)C(C)C)cc1,7.026872146400302
518,COc1ccc(-c2nnc(NS(N)(=O)=O)s2)cc1,6.267606240177032
519,NS(=O)(=O)c1cn(Cc2ccccc2)ccc1=O,7.096910013008056
520,NS(=O)(=O)c1ccc(CCN=Cc2ccccc2OC(=O)NS(=O)(=O)c2ccccc2)cc1,8.301029995663981
521,O=C(Nc1nnc(S)s1)N(c1ccccc1)c1ccccc1,5.031517051446065
522,O=C(O)c1ccc(O)cc1,5.389872386924004
523,CCN(CC)c1nc(NCCc2ccc(S(N)(=O)=O)cc2)nc(N(CC)CC)n1,7.113509274827518
524,CC1(C)CC(NC(=S)Nc2ccc(S(=O)(=O)Nc3ccc(S(N)(=O)=O)cc3)cc2)CC(C)(C)N1O,7.327902142064283
525,Cc1cc(-c2cc(C)c(O)c(C)c2)cc(C)c1O,5.392544976785332
526,NS(=O)(=O)c1nnc(NS(=O)(=O)c2ccc(NC(S)=NNc3c(F)c(F)c(F)c(F)c3F)cc2)s1,9.221848749616356
527,COc1ccc(-c2ccc(O)c(C=NO)c2)cc1F,5.436518914605589
528,COc1ccc(C(N)=O)cc1,5.661543506395395
529,Nc1ccc([S+2](O)(O)Nc2nnc(S(N)(=O)=O)s2)cc1,8.698970004336019
530,NS(=O)(=O)c1cn(-c2ncnc3[nH]cnc23)ccc1=O,7.022276394711152
531,CCOC(=O)c1cc(O)cc(O)c1,6.180456064458132
532,Cn1ccc(=O)c(S(N)(=O)=O)c1,7.113509274827518
533,NS(=O)(=O)c1ccc(CNC(=O)NC2CC2c2ccccc2)cc1,5.583359492661719
534,NS(=O)(=O)c1ccc(CCC(=O)O)cc1,6.305394801066432
535,O=C(O)c1c(O)cccc1O,5.2839966563652006
536,NS(=O)(=O)c1cnccc1-n1ccc(=O)c(S(N)(=O)=O)c1,7.296708621881338
537,NS(=O)(=O)c1ccc2[nH]c(-c3cscn3)nc2c1,7.139661993429006
538,NC(=O)Cn1ccc(=O)c(S(N)(=O)=O)c1,6.764471553092451
539,NS(=O)(=O)c1cn(CC(=O)c2ccc3ccccc3c2)ccc1=O,6.987162775294828
540,CSc1nnc(NS(N)(=O)=O)s1,6.036212172654444
541,NC1Cc2ccc(S(N)(=O)=O)cc2C1,7.552841968657781
542,NS(=O)(=O)c1ccc(CCNC(=S)Nc2ccc(C(=O)O)cc2)cc1,6.42021640338319
543,NS(=O)(=O)c1ccc(CCNC(=O)CN2C(=O)c3ccccc3C2=O)cc1,6.180456064458132
544,NS(=O)(=O)c1ccc(CCNC(=O)c2sc3ccccc3c2Cl)cc1,7.292429823902063
545,COC(=O)C=CC(=O)NC(Cc1ccc(O)c(Cl)c1)C(=O)O,5.080921907623926
546,COC(=O)C=CC(=O)NC(Cc1ccc(O)c(Cl)c1)C(=O)O,5.096910013008056
547,NS(=O)(=O)Oc1ccc(OS(N)(=O)=O)cc1,6.191789027075778
548,CC1CCN(N(CCCC(=O)Nc2ccc(S(N)(=O)=O)cc2)N2CCC(C)CC2)CC1,6.576754126063192
549,Cc1cc(C)[n+](NC(=O)c2[nH]c3ccc(S(N)(=O)=O)cc3c2-c2cccc(F)c2)c(C)c1,8.221848749616356
550,Cc1cc(C)[n+](NC(=O)c2[nH]c3ccc(S(N)(=O)=O)cc3c2-c2ccccc2C)c(C)c1,8.167491087293763
551,CCOC(=O)c1ccc(O)cc1O,6.2839966563652006
552,COc1cc2c(cc1OC)C(c1ccc(C#N)cc1)N(S(N)(=O)=O)CC2,5.372634143407267
553,Cc1cc(C)[n+](NC(=O)c2[nH]c3ccc(S(N)(=O)=O)cc3c2-c2ccccc2)c(C)c1,8.096910013008056
554,Cc1cccc(-c2c(C(=O)N[n+]3c(C)cc(C)cc3C)[nH]c3ccc(S(N)(=O)=O)cc23)c1,8.10790539730952
555,Cc1cc(C)[n+](NC(=O)c2[nH]c3ccc(S(N)(=O)=O)cc3c2-c2ccccc2F)c(C)c1,8.161150909262744
556,COc1cc2c(cc1OC)C(c1ccc(Cl)cc1)N(S(N)(=O)=O)CC2,5.275724130399211
557,Cc1cc(C)[n+](NC(=O)c2[nH]c3ccc(S(N)(=O)=O)cc3c2-c2ccccc2Br)c(C)c1,8.995678626217357
558,Cc1cc(C)[n+](NC(=O)c2[nH]c3ccc(S(N)(=O)=O)cc3c2-c2cccc(Br)c2)c(C)c1,9.013228265733755
559,Cc1cc(C)[n+](NC(=O)c2[nH]c3ccc(S(N)(=O)=O)cc3c2-c2cccc(Cl)c2)c(C)c1,8.18045606445813
560,Cc1ccc(-c2c(C(=O)N[n+]3c(C)cc(C)cc3C)[nH]c3ccc(S(N)(=O)=O)cc23)cc1,8.443697499232712
561,S=C(S)S,5.055517327849831
562,CC(C)C(C(=O)NO)N(CC(=O)NCCc1ccc(S(N)(=O)=O)cc1)S(=O)(=O)c1ccc(Oc2ccccc2)cc1,8.3767507096021
563,ON=Cc1cc(-c2ccc(O)c(F)c2)ccc1O,5.384049948343599
564,COc1ccc2c(CC(=O)NNc3ccc(S(N)(=O)=O)cc3)cc(=O)oc2c1,7.920818753952375
565,CC(=NO)c1ccc(-c2ccc(O)c(F)c2)c(Cl)c1O,5.304518323509803
566,CC(C)c1cc(-c2cc(C(C)C)c(O)c(C(C)C)c2)cc(C(C)C)c1O,5.728158393463501
567,CC(C)(C)c1cc(-c2cc(C(C)(C)C)c(O)c(C(C)(C)C)c2)cc(C(C)(C)C)c1O,6.5376020021010435
568,Oc1cc(Cc2c(O)c(Br)c(O)c(Cc3cc(O)c(O)c(Br)c3Br)c2O)c(Br)c(Br)c1O,5.94692155651658
569,CC(=NO)c1ccc(-c2ccc(O)cc2)c(Cl)c1O,5.478861916295964
570,COc1ccc2c(CC(=O)Nc3ccc(S(N)(=O)=O)cc3)cc(=O)oc2c1,8.045757490560675
571,COC(=O)Nc1ccccc1C(=O)n1ccc(=O)c(S(N)(=O)=O)c1,6.991399828238082
572,NS(=O)(=O)Oc1ccc2c(c1)S(=O)(=O)C(CC1CCCCCC1)=C2,7.853871964321762
573,CC(C)(C)c1nnc(NS(N)(=O)=O)s1,6.045757490560675
574,NS(=O)(=O)Nc1nnc(-c2ccccc2)s1,6.060480747381382
575,NS(=O)(=O)Nc1nnc(-c2ccc(Br)cc2)s1,6.086186147616283
576,CS(=O)(=O)c1nnc(NS(N)(=O)=O)s1,6.026872146400302
577,CCOC(=O)c1ccc(O)c(O)c1,6.214670164989233
578,COC(=O)c1cc(O)cc(O)c1,6.161150909262744
579,CCB(CC)OC(=O)C(N)CCCCNC(=S)Nc1ccc(S(N)(=O)=O)cc1Cl,6.454692883534176
580,CCB(CC)OC(=O)C(N)CCCCNC(=S)Nc1ccc(S(=O)(=O)NCc2ccc(S(N)(=O)=O)cc2)cc1,7.856985199745905
581,CCB(CC)OC(=O)C(N)CCCCNC(=S)Nc1ccc(S(=O)(=O)NCCc2ccc(S(N)(=O)=O)cc2)cc1,7.655607726314889
582,CCB(CC)OC(=O)C(N)CCCCNC(=S)Nc1ccc(S(=O)(=O)Nc2nnc(S(N)(=O)=O)s2)cc1,7.823908740944319
583,CCB(CC)OC(=O)C(N)CCCCNC(=S)Nc1ccc(S(N)(=O)=O)cc1F,6.530177984021837
584,CCB(CC)OC(=O)C(N)CCCCNC(=S)Nc1ccc(S(N)(=O)=O)cc1Br,6.313363730737707
585,OB(O)c1ccc(-c2ccccc2)cc1,5.346787486224656
586,COc1ccc2c(CC(=O)Nc3cc(C(F)(F)F)c(S(N)(=O)=O)cc3S(N)(=O)=O)cc(=O)oc2c1,7.443697499232712
587,O=C1CCCCC1Cc1c(Br)c(O)c(O)c(Br)c1Br,6.251811972993799
588,COC(=O)c1ccc(O)cc1O,6.119186407719209
589,COC(=O)c1ccc(O)c(O)c1,6.236572006437063
590,CCB(CC)OC(=O)C(N)CCCCNC(=S)Nc1ccc(S(N)(=O)=O)cc1,8.017728766960431
591,CCn1cc(C2=C(O)C(=O)NC2=O)c2ccccc21,6.200659450546418
592,CCB(CC)OC(=O)C(N)CCCCNC(=S)Nc1cccc(S(N)(=O)=O)c1,7.055517327849832
593,CCB(CC)OC(=O)C(N)CCCCNC(=S)NCc1ccc(S(N)(=O)=O)cc1,8.017728766960431
594,COc1ccc2c(CC(=O)Nc3cccc(S(N)(=O)=O)c3)cc(=O)oc2c1,7.795880017344075
595,CCB(CC)OC(=O)C(N)CCCCNC(=S)NCCc1ccc(S(N)(=O)=O)cc1,8.013228265733755
596,COc1cccc(OC)c1C(=O)O,5.991399828238082
597,Cc1cc(C)[n+](NC(=O)c2[nH]c3ccc(S(N)(=O)=O)cc3c2-c2c(F)c(F)c(F)c(F)c2F)c(C)c1,9.05551732784983
598,CCc1nnc(NS(N)(=O)=O)s1,6.022276394711152
599,NS(=O)(=O)Nc1nnc(C(F)(F)F)s1,5.966576244513051
600,Cc1cc(C)[n+](NC(=O)c2[nH]c3ccc(S(N)(=O)=O)cc3c2-c2ccc(Br)cc2)c(C)c1,9.017728766960431
601,NS(=O)(=O)c1ccc(CNS(=O)(=O)c2ccc(F)cc2)cc1,7.0
602,Cc1cc(C)[n+](NC(=O)c2[nH]c3ccc(S(N)(=O)=O)cc3c2-c2ccccc2Cl)c(C)c1,8.173925197299173
603,N#Cc1c(N)n(-c2cccc(S(N)(=O)=O)c2)c2nc3ccccc3nc12,8.301029995663981
604,CCOC(=O)c1c(C(=O)Nc2nnc(S(N)(=O)=O)s2)nn(-c2ccc(N)cc2)c1-c1ccccc1,5.906578314837765
605,COc1cc2c(cc1OC)C(c1cccc(N)c1)N(S(N)(=O)=O)CC2,5.031050319018657
606,Cc1cc(C)[n+](NC(=O)c2[nH]c3ccc(S(N)(=O)=O)cc3c2-c2ccc(Cl)cc2)c(C)c1,9.017728766960431
607,NC(=O)c1[nH]c2ccc(S(N)(=O)=O)cc2c1-c1ccccc1,7.508638306165727
608,C=CCn1c(SCC(=O)Nc2ccc(S(N)(=O)=O)cc2)nc2sc3c(c2c1=O)CCCC3,6.481486060122113
609,NS(=O)(=O)c1cn(CC(=O)c2ccc(F)cc2)ccc1=O,6.966576244513051
610,NS(=O)(=O)c1cn(CC(=O)c2ccc(Cl)c(Cl)c2)ccc1=O,6.943095148663527
611,NS(=O)(=O)c1cn(CC(=O)c2ccc(Cl)cc2)ccc1=O,6.950781977329818
612,COc1cccc(-c2c(C(=O)N[n+]3c(C)cc(C)cc3C)[nH]c3ccc(S(N)(=O)=O)cc23)c1,8.744727494896694
613,NS(=O)(=O)NC1OC(CO)C(O)C(O)C1O,5.329754146925876
614,CN(C)C(=S)S,5.1605219526258015
615,NS(=O)(=O)c1ccc(CCN=C(S)NNCCN2CCOCC2)cc1,8.045757490560675
616,CC(=O)OCC1OC(NS(N)(=O)=O)C(OC(C)=O)C(OC(C)=O)C1OC(C)=O,7.0915149811213505
617,CC(=O)OCC1OC(NS(N)(=O)=O)C(OC(C)=O)C(OC(C)=O)C1OC(C)=O,7.070581074285707
618,CC(=O)OC1C(C)OC(NS(N)(=O)=O)C(OC(C)=O)C1OC(C)=O,7.086186147616283
619,CC(=O)OCC1OC(NS(N)(=O)=O)CC(OC(C)=O)C1OC(C)=O,7.920818753952375
620,CC(=O)OCC1OC(NS(N)(=O)=O)CC(OC(C)=O)C1OC(C)=O,7.958607314841775
621,CCN(CC)c1ccc2c(c1)Oc1cc(N(CC)CC)ccc1C21c2ccccc2C(=O)N1c1ccc(S(N)(=O)=O)cc1,6.554395796726403
622,CCN(CC)c1ccc2c(c1)Oc1cc(N(CC)CC)ccc1C21c2ccccc2C(=O)N1c1cccc(S(N)(=O)=O)c1,7.667561540084395
623,CCN(CC)c1ccc2c(c1)Oc1cc(N(CC)CC)ccc1C21c2ccccc2C(=O)N1Cc1ccc(S(N)(=O)=O)cc1,6.008773924307505
624,NS(=O)(=O)c1ccc(CC[N+]2=CC3=COc4ccccc4C3O[Zn]23(Cl)(Cl)OC2C(=COc4ccccc42)C=[N+]3CCc2ccc(S(N)(=O)=O)cc2)cc1,8.443697499232712
625,CCN(CC)c1ccc2c(c1)Oc1cc(N(CC)CC)ccc1C21c2ccccc2C(=O)N1CCc1ccc(S(N)(=O)=O)cc1,6.019996628416254
626,CCNS(=O)(=O)c1ccc2c(c1)S(=O)(=O)C=C2,6.360513510731414
627,O=C(C=Cc1ccc(O)cc1)CC1OC(CO)C(O)C(O)C1O,5.055517327849831
628,NS(=O)(=O)c1ccc(CCN=Cc2ccccc2F)cc1,8.142667503568731
629,NS(=O)(=O)c1ccc(CCNCc2ccc(S(=O)(=O)O)o2)cc1,8.119186407719209
630,CCCCc1ccc(B(O)O)cc1,5.060480747381382
631,O=S(=O)(O)c1ccc(CNCc2ccccc2)o1,5.09555495892309
632,NS(=O)(=O)c1ccc(CCNCc2cccc(C(=O)O)c2)cc1,7.2441251443275085
633,NS(=O)(=O)c1ccc(CCN=Cc2ccc(S(=O)(=O)O)o2)cc1,8.309803919971486
634,O=C(O)c1cc2cc(CO)ccc2oc1=O,5.42021640338319
635,COc1ccc(O)c(C=Nc2ccc(S(N)(=O)=O)cc2)c1,7.062482107982653
636,NS(=O)(=O)c1ccc(CN=Cc2ccc(O)cc2)cc1,7.098541678603888
637,NS(=O)(=O)c1ccc(CCN=Cc2cccc(C(=O)O)c2)cc1,7.292429823902063
638,CC(C)(C)c1ccc(C=NCc2ccc(S(N)(=O)=O)cc2)cc1,7.619788758288394
639,CC(=O)OCC1OC(S(N)(=O)=O)C(OC(C)=O)C(OC(C)=O)C1OC(C)=O,5.346787486224656
640,NS(=O)(=O)C1OC(CO)C(OC2OC(CO)C(O)C(O)C2O)C(O)C1O,5.406713932979542
641,NS(=O)(=O)C1OC(CO)C(OC2OC(CO)C(O)C(O)C2O)C(O)C1O,5.3872161432802645
642,NS(=O)(=O)C1OC(CO)C(O)C(O)C1O,5.341988603342887
643,CC(C)(C)c1ccc(C=Nc2ccc(C(=O)O)cc2)cc1,6.734003629504921
644,O=C(O)c1cc2ccccc2sc1=O,5.107905397309519
645,O=C(O)c1ccc(N=Cc2ccccc2)cc1,6.909389292171594
646,NS(=O)(=O)C1OC(CO)C(O)C(O)C1O,5.308918507877031
647,COc1cc2oc(=O)ccc2cc1C(O)CC(C)C,7.218244625347531
648,COc1ccc(O)c(C=NCCS(N)(=O)=O)c1,7.288192770958809
649,COC(=O)c1ccc(N=Cc2ccc(O)cc2)cc1,6.849243560139691
650,COC(=O)c1ccc(N=Cc2cc(OC)ccc2O)cc1,5.273354279759088
651,NS(=O)(=O)c1ccc(NC(=O)Cc2ccccc2)c(Br)c1,6.403402904373539
652,NS(=O)(=O)CCN=Cc1ccccc1,6.795880017344075
653,COC(=O)c1ccc(N=Cc2ccc(C(C)(C)C)cc2)cc1,6.800244822746525
654,CC(C)(C)c1ccc(C=Nc2ccc(S(N)(=O)=O)cc2)cc1,7.489454989793388
655,COc1ccc(O)c(C=Nc2ccc(C(=O)O)cc2)c1,6.846185135655471
656,COc1ccc(O)c(C=NCc2ccc(S(N)(=O)=O)cc2)c1,6.8843894883257
657,NS(=O)(=O)c1ccc(NC(=O)Cc2cccs2)cc1,7.301029995663981
658,Cc1cccc[n+]1-c1ccncc1S(N)(=O)=O,6.4736607226101555
659,NS(=O)(=O)c1ccc(CCNC(=O)Cc2ccncc2)cc1,7.013228265733755
660,NS(=O)(=O)c1ccc(CCNC(=O)Cc2ccccc2)cc1,7.173925197299173
661,NS(=O)(=O)c1ccc(NC(=O)Cc2ccccc2)c(F)c1,7.214670164989233
662,NS(=O)(=O)c1ccc(NC(=O)Cc2cccs2)c(Cl)c1,7.301029995663981
663,CC(C)(C)c1ccc(C=NCCS(N)(=O)=O)cc1,8.065501548756432
664,CN(C)c1cc[n+](-c2ccncc2S(N)(=O)=O)cc1,6.826813731587726
665,NS(=O)(=O)c1ccc(CNC(=O)Cc2cccs2)cc1,7.2839966563652006
666,NS(=O)(=O)CCN=Cc1ccc(O)cc1,6.627087997029894
667,NS(=O)(=O)c1nnc(NC(=O)Cc2cccs2)s1,7.292429823902063
668,NS(=O)(=O)c1ccc(CNC(=O)Cc2ccccc2)cc1,7.267606240177032
669,CC(=O)OCC1OC(OC2C(COC(C)=O)OC(S(N)(=O)=O)C(OC(C)=O)C2OC(C)=O)C(OC(C)=O)C(OC(C)=O)C1OC(C)=O,5.302770657240282
670,Cc1ccc2oc(=O)c(C(=O)O)cc2c1,5.040958607678906
671,NS(=O)(=O)c1ccc(NC(=O)Cc2cccs2)c(F)c1,6.4089353929735005
672,Cc1cc[n+](-c2ccncc2S(N)(=O)=O)cc1,6.407823242604133
673,COC(=O)CNc1nc(NCC(=O)OC)nc(Nc2ccc(S(N)(=O)=O)cc2)n1,6.361510743045363
674,CC(C)(C)[Si](C)(C)OCCOc1nc(Cl)nc(Nc2ccc(S(N)(=O)=O)cc2)n1,6.448550002027125
675,NS(=O)(=O)c1ccc(CCNC(=O)Cc2cccs2)cc1,7.275724130399211
676,NS(=O)(=O)c1cnccc1-[n+]1ccccc1,6.991399828238082
677,NS(=O)(=O)c1ccc(NC(=O)Cc2ccccn2)cc1,7.161150909262744
678,NS(=O)(=O)c1nnc(NC(=O)Cc2ccccc2)s1,7.292429823902063
679,NS(=O)(=O)c1ccc(CCNc2nc(Cl)nc(NC(Cc3ccc(O)c(O)c3)C(=O)O)n2)cc1,6.430626090384954
680,NS(=O)(=O)c1ccc(Nc2nc(Cl)nc(NC(CO)C(=O)O)n2)cc1,6.3851027839668655
681,O=C(O)c1ccc(N=Cc2ccc(O)cc2)cc1,6.697885623043799
682,NS(=O)(=O)c1ccc(CNc2nc(Cl)nc(NC(Cc3ccc(O)c(O)c3)C(=O)O)n2)cc1,6.323306390375134
683,NS(=O)(=O)c1ccc(CN=Cc2ccccc2)cc1,7.414539270491499
684,COC(=O)CNc1nc(NCC(=O)OC)nc(NCc2ccc(S(N)(=O)=O)cc2)n1,6.343901797987168
685,NS(=O)(=O)c1ccc(CNc2nc(Cl)nc(NCCC(=O)O)n2)cc1,6.58838029403677
686,NS(=O)(=O)c1ccc(Nc2nc(Cl)nc(NCCCCO)n2)cc1,6.924453038607469
687,NS(=O)(=O)C1OC(C(=O)O)C(O)C(O)C1O,5.4089353929735005
688,NS(=O)(=O)c1ccc(NC(=O)Cc2ccccc2)c(Cl)c1,7.236572006437063
689,COC(=O)C1OC(S(N)(=O)=O)C(OC(C)=O)C(OC(C)=O)C1OC(C)=O,5.361510743045363
690,NS(=O)(=O)c1ccc(NC(=O)Cc2cccs2)c(Br)c1,7.2839966563652006
691,COc1ccc2c(c1)-c1[nH]c3ccccc3c1C2,5.640164517660112
692,COc1cc2c(c(OC)c1)-c1[nH]c3ccccc3c1C2,5.636388020107856
693,O=C(O)Cc1ccc(O)c(Cl)c1,5.0655015487564325
694,Fc1ccc2c(c1)Cc1c-2[nH]c2ccccc12,6.304518323509803
695,Brc1ccc2c(c1)Cc1c-2[nH]c2ccccc12,6.3260580013659125
696,Oc1ccc(O)c2c1Cc1c-2[nH]c2ccccc12,6.251037138743839
697,Oc1ccc2c(c1)Cc1c-2[nH]c2ccccc12,6.134303940083929
698,Oc1cccc2c1-c1[nH]c3ccccc3c1C2,6.089909454405932
699,Oc1ccc2c(c1O)Cc1c-2[nH]c2ccccc12,6.349692476868063
700,Clc1ccc2c(c1)Cc1c-2[nH]c2ccccc12,6.280668713016273
701,c1ccc2c(c1)Cc1c-2[nH]c2ccccc12,5.627087997029894
702,COc1cc(OC)c2ccc(=O)oc2c1OC,5.015472686656207
703,COc1ccc(OC)c2c1Cc1c-2[nH]c2ccccc12,5.598599459218456
704,NS(=O)(=O)c1cnccc1-n1ccc(=O)cc1,7.007446482167865
705,O=C(Cc1ccc(O)c(Cl)c1)NCCc1ccccc1,5.008773924307505
706,Oc1cc2c(cc1O)-c1[nH]c3ccccc3c1C2,6.464705879957229
707,CCCCNC(=O)Cc1ccc(O)c(Cl)c1,5.026872146400302
708,NS(=O)(=O)c1ccc(C(=O)NNC(=O)Nc2ccc(Cc3ccccc3)cc2)cc1,7.823908740944319
709,CC(C)Nc1nc(NCc2ccc(S(N)(=O)=O)cc2)nc(NC(C)C)n1,7.337242168318426
710,Oc1ccc2c(c1)-c1[nH]c3ccccc3c1C2,6.105130343254747
711,COC1=C(S(N)(=O)=O)C2NS(=O)(=O)c3cnccc3N2C=C1,7.045757490560675
712,NS(=O)(=O)c1cnccc1Oc1ccncc1S(N)(=O)=O,7.262807357295262
713,Oc1cccc2c1Cc1c-2[nH]c2ccccc12,6.188424994129407
714,COc1ccc2c(c1)Cc1c-2[nH]c2ccccc12,5.673664139071248
715,COC1=CC=CC2N1c1ccncc1S(=O)(=O)N2c1ccncc1S(N)(=O)=O,6.657577319177793
716,NS(=O)(=O)c1cnccc1-n1ccccc1=O,6.3124710387853655
717,c1ccc2c3c([nH]c2c1)-c1cc2c(cc1C3)OCO2,5.61261017366127
718,NS(=O)(=O)c1ccc(CCNC(=O)Cc2ccc(O)c(Cl)c2)cc1,7.7447274948966935
719,CCCCC(CC)C(N)=O,5.462180904926726
720,COc1cc2c(cc1OC)-c1[nH]c3ccccc3c1C2,5.6439741428068775
721,CCC(C)CC(=O)Nc1ccc(S(N)(=O)=O)cc1,7.987162775294828
722,CCCCC(CC)C(=O)Nc1ccc(S(N)(=O)=O)cc1,7.991399828238082
723,CCC(C)C(=O)Nc1ccc(S(N)(=O)=O)cc1,6.4698003017969175
724,CCCC(C(=O)Nc1ccc(S(N)(=O)=O)cc1)C(C)CC,6.632644078973981
725,Oc1cc(O)c2c(c1)Cc1c-2[nH]c2ccccc12,6.27083521030723
726,COc1ccc2c(c1OC)Cc1c-2[nH]c2ccccc12,5.7121982700697735
727,CC(C)C(C(=O)Nc1ccc(S(N)(=O)=O)cc1)C(C)C,6.6252516539898965
728,CC(C)C(C(=O)Nc1ccc(S(N)(=O)=O)cc1)C(C)(C)C,6.58838029403677
729,CCCC(C)C(=O)Nc1ccc(S(N)(=O)=O)cc1,6.657577319177793
730,CC(C)(C)C(=O)NCc1ccc(S(N)(=O)=O)cc1,7.543633966870957
731,CCC(CC(C)C)C(=O)Nc1ccc(S(N)(=O)=O)cc1,6.982966660701219
732,CCC(CC)C(=O)Nc1ccc(S(N)(=O)=O)cc1,5.55129368009492
733,NS(=O)(=O)c1ccc(CCNC(=O)CCCNc2ccn(O)c(=O)n2)cc1,7.552841968657781
734,CCC(C)C(CC)C(=O)Nc1ccc(S(N)(=O)=O)cc1,6.847711655616943
735,CCC(C)C(C(=O)Nc1ccc(S(N)(=O)=O)cc1)C(C)C,6.97469413473523
736,CCCC(C(=O)Nc1ccc(S(N)(=O)=O)cc1)C(C)(C)C,7.995678626217358
737,CCCC(CC)C(=O)Nc1ccc(S(N)(=O)=O)cc1,6.493494967595128
738,CCCC(C(=O)Nc1ccc(S(N)(=O)=O)cc1)C(C)C,6.721246399047171
739,CC(C)(C)CC(=O)Nc1ccc(S(N)(=O)=O)cc1,5.455931955649724
740,NS(=O)(=O)c1ccc(CCNC(=O)CCCCCNc2ccn(O)c(=O)n2)cc1,7.6020599913279625
741,CCC(C(=O)Nc1ccc(S(N)(=O)=O)cc1)C(C)(C)C,8.017728766960431
742,NS(=O)(=O)c1ccc(NC(=O)CCCCCNc2ccn(O)c(=O)n2)cc1,7.886056647693163
743,NS(=O)(=O)c1ccc(NC(=O)CCCNc2ccn(O)c(=O)n2)cc1,7.508638306165727
744,CC(=O)OCC1OC(S(=O)(=O)NCCc2ccc(S(N)(=O)=O)cc2)C(OC(C)=O)C(OC(C)=O)C1OC(C)=O,7.8124792791635365
745,NS(=O)(=O)c1ccc(CNS(=O)(=O)C2OC(CO)C(O)C(O)C2O)cc1,8.10790539730952
746,CC(=O)OCC1OC(OC2C(COC(C)=O)OC(S(=O)(=O)NCc3ccc(S(N)(=O)=O)cc3)C(OC(C)=O)C2OC(C)=O)C(OC(C)=O)C(OC(C)=O)C1OC(C)=O,7.204119982655925
747,CC(=O)OCC1OC(SNCc2ccc(S(N)(=O)=O)cc2)C(OC(C)=O)C(OC(C)=O)C1OC(C)=O,7.8297382846050425
748,CC(=O)OCC1OC(OC2C(COC(C)=O)OC(S(=O)(=O)NCCc3ccc(S(N)(=O)=O)cc3)C(OC(C)=O)C2OC(C)=O)C(OC(C)=O)C(OC(C)=O)C1OC(C)=O,7.818156412055227
749,CC(=O)OCC1OC(S(=O)(=O)NCc2ccc(S(N)(=O)=O)cc2)C(OC(C)=O)C(OC(C)=O)C1OC(C)=O,7.8297382846050425
750,NS(=O)(=O)c1ccc(CNS(=O)(=O)C2OC(CO)C(OC3OC(CO)C(O)C(O)C3O)C(O)C2O)cc1,8.301029995663981
751,NS(=O)(=O)c1ccc(NC2OC(CO)C(O)C(O)C2O)cc1,7.6020599913279625
752,CC1OC(Nc2ccc(S(N)(=O)=O)cc2)C(O)C(O)C1O,7.853871964321762
753,NS(=O)(=O)c1ccc(NC2OCC(O)C(O)C2O)cc1,7.823908740944319
754,COC(=O)C1OC(SNCCc2ccc(S(N)(=O)=O)cc2)C(OC(C)=O)C(OC(C)=O)C1OC(C)=O,7.790484985457369
755,CC(=O)OCC1OC(OC2C(COC(C)=O)OC(SNCCc3ccc(S(N)(=O)=O)cc3)C(OC(C)=O)C2OC(C)=O)C(OC(C)=O)C(OC(C)=O)C1OC(C)=O,7.82102305270683
756,CC(=O)OCC1OC(SNCc2ccc(S(N)(=O)=O)cc2)C(OC(C)=O)C(OC(C)=O)C1OC(C)=O,7.872895201635193
757,NS(=O)(=O)c1ccc(CCNS(=O)(=O)C2OC(CO)C(OC3OC(CO)C(O)C(O)C3O)C(O)C2O)cc1,8.2839966563652
758,CC(=O)OCC1OC(OC2C(COC(C)=O)OC(S(=O)(=O)NCc3ccc(S(N)(=O)=O)cc3)C(OC(C)=O)C2OC(C)=O)C(OC(C)=O)C(OC(C)=O)C1OC(C)=O,7.230622673923861
759,NS(=O)(=O)c1ccc(NC2OC(CO)C(O)C(O)C2O)cc1,7.638272163982407
760,NS(=O)(=O)c1ccc(CCNS(=O)(=O)C2OC(CO)C(OC3OC(CO)C(O)C(O)C3O)C(O)C2O)cc1,8.337242168318426
761,NS(=O)(=O)c1ccc(CCNS(=O)(=O)C2OC(CO)C(O)C(O)C2O)cc1,8.10790539730952
762,NS(=O)(=O)c1ccc(CCNS(=O)(=O)C2OC(CO)C(O)C(O)C2O)cc1,8.119186407719209
763,CC(=O)OCC1OC(OC2C(COC(C)=O)OC(SNCCc3ccc(S(N)(=O)=O)cc3)C(OC(C)=O)C2OC(C)=O)C(OC(C)=O)C(OC(C)=O)C1OC(C)=O,7.920818753952375
764,COC(=O)C1OC(SNCc2ccc(S(N)(=O)=O)cc2)C(OC(C)=O)C(OC(C)=O)C1OC(C)=O,7.7423214251308154
765,CC1OC(Nc2ccc(S(N)(=O)=O)cc2)C(O)C(O)C1O,8.0
766,CC(=O)OCC1OC(OC2C(COC(C)=O)OC(S(=O)(=O)NCCc3ccc(S(N)(=O)=O)cc3)C(OC(C)=O)C2OC(C)=O)C(OC(C)=O)C(OC(C)=O)C1OC(C)=O,7.250263684430939
767,CC(=O)OCC1OC(SNCCc2ccc(S(N)(=O)=O)cc2)C(OC(C)=O)C(OC(C)=O)C1OC(C)=O,7.876148359032914
768,CC(=O)OCC1OC(S(=O)(=O)NCCc2ccc(S(N)(=O)=O)cc2)C(OC(C)=O)C(OC(C)=O)C1OC(C)=O,7.131943638176958
769,NS(=O)(=O)c1ccccc1C#Cc1ccccc1,5.305394801066432
770,NS(=O)(=O)c1ccc(C#Cc2ccccc2)cc1,5.2839966563652006
771,NS(=O)(=O)c1nnc(NC(=O)CC23CC4CC(CC(C4)C2)C3)s1,8.073143291050307
772,COC(=O)C1OC(S(=O)(=O)NCCc2ccc(S(N)(=O)=O)cc2)C(OC(C)=O)C(OC(C)=O)C1OC(C)=O,7.202732459169283
773,Cc1ccc(C#Cc2ccccc2S(N)(=O)=O)cc1,5.336299074610352
774,COc1cccc(C#Cc2ccc(S(N)(=O)=O)cc2)c1,5.310691140876379
775,NS(=O)(=O)c1ccc(CNS(=O)(=O)C2OC(CO)C(O)C(O)C2O)cc1,8.040958607678906
776,NS(=O)(=O)c1ccc(NC2OC(CO)C(O)C(O)C2O)cc1,7.7447274948966935
777,COC(=O)C1OC(S(=O)(=O)NCc2ccc(S(N)(=O)=O)cc2)C(OC(C)=O)C(OC(C)=O)C1OC(C)=O,7.181774106386045
778,NS(=O)(=O)c1ccc(NC2OCC(O)C(O)C2O)cc1,7.853871964321762
779,NS(=O)(=O)c1ccc(CCNS(=O)(=O)C2OC(C(=O)O)C(O)C(O)C2O)cc1,8.327902142064282
780,CNNc1ccncc1S(N)(=O)=O,7.059483515067432
781,NS(=O)(=O)c1ccccc1C#Cc1cccc(F)c1,5.384576047114056
782,Cc1ccc(C#Cc2cccc(S(N)(=O)=O)c2)cc1,5.767003889607846
783,COc1cccc(C#Cc2cccc(S(N)(=O)=O)c2)c1,5.19962664510865
784,NS(=O)(=O)c1cccc(C#Cc2cccc(F)c2)c1,5.669586226650809
785,NS(=O)(=O)c1cnccc1SCc1ccccc1,8.00436480540245
786,C=CCNc1ccncc1S(N)(=O)=O,6.876148359032914
787,NNc1ccncc1S(N)(=O)=O,7.0675262353228465
788,NS(=O)(=O)c1cccc(C#Cc2ccccc2)c1,7.060480747381382
789,CCOc1ccncc1S(N)(=O)=O,7.115204636051019
790,COc1ccncc1S(N)(=O)=O,7.027797161620936
791,NS(=O)(=O)c1cnccc1NNC1=NS(=O)(=O)c2cnccc2S1,6.931814138253839
792,N#CCSc1ccncc1S(N)(=O)=O,7.040481623027001
793,NS(=O)(=O)c1cnccc1Sc1ccncc1S(N)(=O)=O,7.187086643357144
794,C#CCSc1ccncc1S(N)(=O)=O,6.966576244513051
795,Cc1ccc2cccc(Oc3ccncc3S(N)(=O)=O)c2n1,7.094743951251549
796,NS(=O)(=O)c1cnccc1Oc1cccc2cccnc12,6.978810700930062
797,CSc1ccncc1S(N)(=O)=O,7.396855627379818
798,NS(=O)(=O)c1cnccc1Sc1cccc[n+]1[O-],7.073143291050307
799,N#Cc1ccc(Oc2ccncc2S(N)(=O)=O)cc1,7.024568191490737
800,NS(=O)(=O)c1ccc(CCNc2ccncc2S(N)(=O)=O)cc1,7.2839966563652006
801,N#Cc1cc2c(cc1Cl)SC(NNc1ccncc1S(N)(=O)=O)=NS2(=O)=O,7.054039296422431
802,NNC(=O)c1[nH]c2ccc(S(N)(=O)=O)cc2c1-c1ccccc1,8.142667503568731
803,Cc1cc2c(cc1Cl)SC(NNc1ccncc1S(N)(=O)=O)=NS2(=O)=O,7.336299074610352
804,Cc1ccc(C#Cc2ccc(S(N)(=O)=O)cc2)cc1,5.282329496997738
805,NS(=O)(=O)c1ccc(C#Cc2cccc(O)c2)cc1,5.276544327964814
806,NS(=O)(=O)c1ccc(C#Cc2cccc(F)c2)cc1,7.2441251443275085
807,NS(=O)(=O)c1cc(C(=O)O)c(NCc2ccco2)cc1Cl,7.187086643357144
808,Cc1cc(C)[n+](NC(=O)c2[nH]c3ccc(S(N)(=O)=O)cc3c2-c2ccc(F)cc2)c(C)c1,8.187086643357144
809,NS(=O)(=O)c1nnc(NC(=O)C23CC4CC(CC(C4)C2)C3)s1,7.978810700930062
810,NS(=O)(=O)c1ccc(N=Cc2ccccc2)cc1,7.669586226650809
811,NS(=O)(=O)Nc1nncs1,6.013228265733755
812,COc1c(O)cccc1C=O,5.903089986991944
813,COC(=O)C(O)=C1C(=O)N(c2ccccc2)c2ccccc21,5.382999658879101
814,NS(=O)(=O)c1ccc(NC2OCC(O)C(O)C2O)cc1,7.853871964321762
815,COc1cccc2c1Cc1c-2[nH]c2ccccc12,5.692503962086787
816,CC(=NNC(=O)Nc1n[nH]c(=S)s1)c1ccc(Cl)cc1,5.410050398674292
817,NS(=O)(=O)c1cc(Cl)c(Cl)c(S(N)(=O)=O)c1,7.736758565226208
818,NS(=O)(=O)c1nnc(NC(=O)CCS)s1,8.040958607678906
819,COc1ccc(S(=O)(=O)N(CC(=O)NO)OCc2ccccc2)cc1,7.017728766960431
820,Nc1nc(N)c2nc(CNc3ccc(S(N)(=O)=O)cc3)cnc2n1,8.346787486224656
821,NS(=O)(=O)c1ccc(NC(S)=NNc2c(F)c(F)c(F)c(F)c2F)cc1,7.657577319177793
822,Nc1nc(N)c2nc(CNc3ccc(C(=O)NCCc4ccc(S(N)(=O)=O)cc4)cc3)cnc2n1,6.036212172654444
823,NS(=O)(=O)c1ccc(CCNC(=O)c2ccccc2SSc2ccccc2C(=O)NCCc2ccc(S(N)(=O)=O)cc2)cc1,5.313363730737707
824,Cn1nc(S(N)(=O)=O)sc1=NC(=O)CCS,8.031517051446064
825,Nc1nc(N)c2nc(CNc3ccc(S(=O)(=O)O)cc3)cnc2n1,6.455931955649724
826,CCOC(=O)c1c(C(=O)Nc2nnc(S(N)(=O)=O)s2)nn(-c2cccc(N)c2)c1-c1ccccc1,5.388276691992658
827,CNC(=O)COC(=O)C(Cc1c[nH]c2ccccc12)N=C(S)Nc1ccc(S(N)(=O)=O)cc1,7.698970004336019
828,NS(=O)(=O)c1ccc(CCNc2nc(Cl)nc(NCC(=O)O)n2)cc1,7.494850021680094
829,CCSc1nnc(NS(N)(=O)=O)s1,5.94692155651658
830,COc1ccc2c(CC(=O)Nc3ccccc3S(N)(=O)=O)cc(=O)oc2c1,7.102372908709558
831,NS(=O)(=O)c1ccc(CNS(=O)(=O)C2OC(C(=O)O)C(O)C(O)C2O)cc1,8.148741651280925
832,CC(=O)OCC1OC(OC2C(COC(C)=O)OC(SNCc3ccc(S(N)(=O)=O)cc3)C(OC(C)=O)C2OC(C)=O)C(OC(C)=O)C(OC(C)=O)C1OC(C)=O,7.809668301829708
833,CN1CCN(CCC(=O)Nc2ccc(S(N)(=O)=O)cc2)CC1,6.782516055786093
834,Cc1ccc2c(c1)C1O[Zn]3(Cl)(Cl)(OC4C(=COc5ccc(C)cc54)C=[N+]3c3ccc(S(N)(=O)=O)cc3)[N+](c3ccc(S(N)(=O)=O)cc3)=CC1=CO2,8.259637310505756
835,NS(=O)(=O)c1ccc(N=C(S)N=C2C=CC(=C3c4ccc(O)cc4Oc4cc(O)ccc43)C(C(=O)O)=C2)c(F)c1,7.327902142064283
836,CCOC(=O)c1c(C(=O)Nc2nnc(S(N)(=O)=O)s2)nn(-c2cccc(I)c2)c1-c1ccccc1,7.154901959985743
837,CCOC(=O)c1c(C(=O)Nc2nnc(S(N)(=O)=O)s2)nn(-c2cccc(NN=C(C(=O)c3ccccc3)C(=O)c3ccccc3)c2)c1-c1ccccc1,6.3872161432802645
838,CCOC(=O)c1c(C(=O)Nc2nnc(S(N)(=O)=O)s2)nn(-c2cccc(NN=C(C(C)=O)C(=O)OC(C)(C)C)c2)c1-c1ccccc1,7.522878745280337
839,CN(C)CCN=C(S)Nc1ccc(S(N)(=O)=O)cc1,7.481486060122112
840,NS(=O)(=O)c1ccc(NC(=O)Cc2ccncc2)cc1,7.130768280269024
841,CCOC(=O)c1c(C(=O)Nc2nnc(S(N)(=O)=O)s2)nn(-c2cccc(NN=C(C(C)=O)C(=O)c3ccccc3)c2)c1-c1ccccc1,6.721246399047171
842,CCOC(=O)C(=NNc1cccc(-n2nc(C(=O)Nc3nnc(S(N)(=O)=O)s3)c(C(=O)OCC)c2-c2ccccc2)c1)C(=O)c1ccccc1,5.663540266151471
843,NNc1ccccc1S(N)(=O)=O,6.993533957750769
844,CCOC(=O)C(=NNc1cccc(-n2nc(C(=O)Nc3nnc(S(N)(=O)=O)s3)c(C(=O)OCC)c2-c2ccccc2)c1)C(C)=O,6.920818753952375
845,CCOC(=O)C(=NNc1cccc(-n2nc(C(=O)Nc3nnc(S(N)(=O)=O)s3)c(C(=O)OCC)c2-c2ccccc2)c1)C(=O)OCC,7.301029995663981
846,CCOC(=O)c1c(C(=O)Nc2nnc(S(N)(=O)=O)s2)nn(-c2cccc(NN=C(C(C)=O)C(C)=O)c2)c1-c1ccccc1,6.769551078621726
847,CN(Cc1cnc2nc(N)nc(N)c2n1)c1ccc(C(=O)NCCc2ccc(S(N)(=O)=O)cc2)cc1,6.585026652029182
848,CC1(C)CC(NC(=S)Nc2ccc(S(=O)(=O)NCCc3ccc(S(N)(=O)=O)cc3)cc2)CC(C)(C)N1O,7.481486060122112
849,CCOC(=O)c1c(C(=O)Nc2nnc(S(N)(=O)=O)s2)nn(-c2cccc3c2cc(C)n3CC(C)=O)c1-c1ccccc1,6.638272163982407
850,NS(=O)(=O)c1ccc(NC(=O)Nc2ccc(C(F)(F)F)cc2)cc1,5.939302159646388
851,NS(=O)(=O)c1ccc(CCNCc2ccccc2F)cc1,8.161150909262744
852,NS(=O)(=O)c1ccc(CN=C(S)N=C2C=CC(=C3c4ccc(O)cc4Oc4cc(O)ccc43)C(C(=O)O)=C2)cc1,7.356547323513812
853,Cc1cc(S(N)(=O)=O)c(S(=O)(=O)C(C)C(=O)O)cc1Cl,6.09366495819491
854,CC(=O)OCC1OC(S(=O)(=O)NCc2ccc(S(N)(=O)=O)cc2)C(OC(C)=O)C(OC(C)=O)C1OC(C)=O,7.787812395596042
855,NS(=O)(=O)c1ccc(CNS(=O)(=O)C2OC(CO)C(OC3OC(CO)C(O)C(O)C3O)C(O)C2O)cc1,8.318758762624412
856,CC(=O)OCC1OC(SNCCc2ccc(S(N)(=O)=O)cc2)C(OC(C)=O)C(OC(C)=O)C1OC(C)=O,7.838631997765025
857,CCON(CC(=O)NO)S(=O)(=O)c1ccc(OC)cc1,5.060480747381382
858,S=C(S)NCCCn1ccnc1,7.607303046740334
859,N#CC(=Cc1ccco1)C(=O)Nc1ccc(S(N)(=O)=O)cc1,8.259637310505756
860,O=C(O)c1ccc(S(=O)(=O)N(Cl)Cl)cc1,5.707743928643524
861,Cc1c(C(=O)NCCN2CCN(C)CC2)cc(-c2ccc3ccccc3c2)n1-c1ccc(S(N)(=O)=O)cc1,6.707743928643524
862,Cc1c(C(=O)NCCCN2CCOCC2)cc(-c2ccc(-c3ccccc3)cc2)n1-c1ccc(S(N)(=O)=O)cc1,6.241088107602026
863,Cc1c(C(=O)NCCN2CCCC2)cc(-c2ccc3ccccc3c2)n1-c1ccc(S(N)(=O)=O)cc1,8.0
864,Cc1c(C(=O)NCCN2CCCCC2)cc(-c2ccc3ccccc3c2)n1-c1ccc(S(N)(=O)=O)cc1,8.045757490560675
865,Cc1c(C(=O)NCCN2CCOCC2)cc(-c2ccccc2)n1-c1ccc(S(N)(=O)=O)cc1,6.2076083105017466
866,Cc1c(C(=O)NCCN(C)C)cc(-c2ccc3ccccc3c2)n1-c1ccc(S(N)(=O)=O)cc1,7.259637310505756
867,Cc1c(C(=O)NCCCN2CCOCC2)cc(-c2ccc3ccccc3c2)n1-c1ccc(S(N)(=O)=O)cc1,6.59176003468815
868,Cc1c(C(=O)NCCN2CCCCC2)cc(-c2ccc(-c3ccccc3)cc2)n1-c1ccc(S(N)(=O)=O)cc1,6.607303046740334
869,Cc1c(C(=O)NCCCN2CCN(C)CC2)cc(-c2ccc(-c3ccccc3)cc2)n1-c1ccc(S(N)(=O)=O)cc1,6.688246138944246
870,Cc1c(C(=O)NCCN2CCCC2)cc(-c2ccc(-c3ccccc3)cc2)n1-c1ccc(S(N)(=O)=O)cc1,6.218963061378868
871,Cc1c(C(=O)NCCCN(C)C)cc(-c2ccc(-c3ccccc3)cc2)n1-c1ccc(S(N)(=O)=O)cc1,6.257274868695301
872,Cc1c(C(=O)N2CCN(C)CC2)cc(-c2ccc(-c3ccccc3)cc2)n1-c1ccc(S(N)(=O)=O)cc1,6.269217724333611
873,Cc1c(C(=O)N2CCN(C)CC2)cc(-c2ccccc2)n1-c1ccc(S(N)(=O)=O)cc1,6.287350298372789
874,Cc1c(C(=O)NCCN2CCCCC2)cc(-c2ccccc2)n1-c1ccc(S(N)(=O)=O)cc1,6.543633966870957
875,Cc1c(C(=O)NCCN(C)C)cc(-c2ccccc2)n1-c1ccc(S(N)(=O)=O)cc1,6.407823242604133
876,Cc1c(C(=O)NCCCN(C)C)cc(-c2ccccc2)n1-c1ccc(S(N)(=O)=O)cc1,6.896196279044043
877,Cc1c(C(=O)NCCCN(C)C)cc(-c2ccc3ccccc3c2)n1-c1ccc(S(N)(=O)=O)cc1,7.795880017344075
878,Cc1c(C(=O)N2CCN(C)CC2)cc(-c2ccc3ccccc3c2)n1-c1ccc(S(N)(=O)=O)cc1,8.0
879,Cc1c(C(=O)NCCN(C)C)cc(-c2ccc(-c3ccccc3)cc2)n1-c1ccc(S(N)(=O)=O)cc1,6.323306390375134
880,Cc1c(C(=O)NCCN2CCOCC2)cc(-c2ccc(-c3ccccc3)cc2)n1-c1ccc(S(N)(=O)=O)cc1,6.453457336521869
881,Cc1c(C(=O)NCCN2CCOCC2)cc(-c2ccc3ccccc3c2)n1-c1ccc(S(N)(=O)=O)cc1,7.154901959985743
882,Cc1c(C(=O)NCCN2CCN(C)CC2)cc(-c2ccc(-c3ccccc3)cc2)n1-c1ccc(S(N)(=O)=O)cc1,6.285670240254767
883,COc1cc(C2Oc3cc(C4Oc5cc(O)cc(O)c5C(=O)C4O)ccc3OC2CO)ccc1O,5.600326278518962
884,NS(=O)(=O)c1ccc(NC(=O)Nc2ccc(Cl)cc2)cc1,6.1073489661227
885,COc1ccccc1C=C(C#N)C(=O)Nc1ccc(S(N)(=O)=O)cc1,8.161150909262744
886,COc1ccc(C(=O)NN)cc1,5.2403321553103694
887,COc1ccccc1NC(=O)Nc1ccc(S(N)(=O)=O)cc1,5.39040559077478
888,CC(=O)c1ccc(NC(=O)Nc2ccc(S(N)(=O)=O)cc2)cc1,5.97469413473523
889,CCCCc1ccc(NC(=O)Nc2ccc(S(N)(=O)=O)cc2)cc1,5.604673606930649
890,CCCCOc1ccc(NC(=O)Nc2ccc(S(N)(=O)=O)cc2)cc1,8.67778070526608
891,N#Cc1ccccc1NC(=O)Nc1ccc(S(N)(=O)=O)cc1,8.619788758288394
892,O=S(=O)(O)ONOS(=O)(=O)O,6.119186407719209
893,NS(=O)(=O)c1ccc(NC(=O)Nc2ccc(Oc3ccccc3)cc2)cc1,7.070581074285707
894,NS(=O)(=O)c1ccc(NC(=O)NCc2ccccc2)cc1,5.657577319177793
895,CCCCCCCCc1ccc(NC(=O)Nc2ccc(S(N)(=O)=O)cc2)cc1,5.017728766960431
896,CC12CCC3c4ccc(CS(N)(=O)=O)cc4CCC3C1CCC2=O,7.096910013008056
897,COc1ccc(NC(=O)Nc2ccc(S(N)(=O)=O)cc2)c(C)c1,5.480172006224281
898,N#Cc1ccc(NC(=O)Nc2ccc(S(N)(=O)=O)cc2)cc1,7.189095719331299
899,NS(=O)(=O)c1ccc(NC(=O)NC(c2ccccc2)c2ccccc2)cc1,5.4288737229156885
900,NS(=O)(=O)c1ccc(NC(=O)Nc2ccc(Br)cc2)cc1,5.889410289700751
901,NS(=O)(=O)c1ccc(NC(=O)Nc2ccc(I)cc2)cc1,5.579384229374235
902,NS(=O)(=O)c1ccc(NC(=O)Nc2cc(C(F)(F)F)cc(C(F)(F)F)c2)cc1,7.1249387366083
903,NS(=O)(=O)c1ccc(NC(=O)Nc2ccc(F)cc2)cc1,7.017728766960431
904,CC(C)c1ccccc1NC(=O)Nc1ccc(S(N)(=O)=O)cc1,8.481486060122112
905,Cc1c(C(=O)NCCCN2CCN(C)CC2)cc(-c2ccc3ccccc3c2)n1-c1ccc(S(N)(=O)=O)cc1,6.614393726401688
906,NS(=O)(=O)c1ccc(NC(=O)NC2CCCC2)cc1,6.645891560852599
907,NS(=O)(=O)c1ccc(NC(=O)Nc2ccc3c(c2)Cc2ccccc2-3)cc1,6.041914151478915
908,Cc1cc(C)cc(NC(=O)Nc2ccc(S(N)(=O)=O)cc2)c1,5.753255290276159
909,NS(=O)(=O)c1ccc(NC(=O)Nc2ccc3c(c2)CCC3)cc1,8.050609993355087
910,NS(=O)(=O)OCC1OC(O)C(O)C(O)C1O,6.982966660701219
911,CCC(=O)OC1OC(COS(N)(=O)=O)C(OC(=O)CC)C(OC(=O)CC)C1OC(=O)CC,7.235450280935533
912,CC(=O)OC1OC(COS(N)(=O)=O)C(OC(C)=O)C(OC(C)=O)C1OC(C)=O,7.231731983548452
913,CC(=O)OC1OC(COS(N)(=O)=O)C(OC(C)=O)C(OC(C)=O)C1OC(C)=O,7.94692155651658
914,CC(=O)OCC1OC(OC(C)=O)C(OC(C)=O)C(OC(C)=O)C1OC1OC(COS(N)(=O)=O)C(OC(C)=O)C(OC(C)=O)C1OC(C)=O,6.122628654130226
915,COC1OC(COS(N)(=O)=O)C(OC(C)=O)C(OC(C)=O)C1OC(C)=O,7.412850501745656
916,NS(=O)(=O)OCC1OC(O)C(O)C(O)C1O,7.086186147616283
917,NS(=O)(=O)OCC1OC(O)C(O)C(O)C1O,7.031517051446065
918,Cn1nc(S(N)(=O)=O)sc1=NS(=O)(=O)CC12CCC(CC1=O)C2(C)C,6.400116927926312
919,COc1ccccc1OC,6.301029995663981
920,CC1(C)C2CCC1(CS(=O)(=O)NCCc1ccc(S(N)(=O)=O)cc1)C(=O)C2,6.016373712875465
921,CC1OC(Nc2ccc(S(N)(=O)=O)cc2)C(O)C(O)C1O,8.0
922,CC1(C)C2CCC1(CS(=O)(=O)Nc1ccc(S(N)(=O)=O)cc1)C(=O)C2,5.91829272990265
923,CC1(C)C2CCC1(CS(=O)(=O)Nc1ccc(S(N)(=O)=O)cc1)C(=O)C2,5.933674074637962
924,CC1(C)C2CCC1(CS(=O)(=O)Nc1cccc(S(N)(=O)=O)c1)C(=O)C2,7.102922996790579
925,CC1(C)C2CCC1(CS(=O)(=O)Nc1cccc(S(N)(=O)=O)c1)C(=O)C2,5.637517525248826
926,Cn1nc(S(N)(=O)=O)sc1=NS(=O)(=O)CC12CCC(CC1=O)C2(C)C,5.751291264399082
927,CC1(C)C2CCC1(CS(=O)(=O)NCc1ccc(S(N)(=O)=O)cc1)C(=O)C2,5.609241471261283
928,COc1ccc(OC)cc1,5.474955192963154
929,CC1(C)C2CCC1(CS(=O)(=O)NCc1ccc(S(N)(=O)=O)cc1)C(=O)C2,5.806041021980813
930,COc1ccc(OC)c(OC)c1,5.844663962534939
931,O=C(O)C(O)=CC(=O)c1cn(Cc2ccccc2)c2ccccc12,5.714442690992226
932,CC1(C)C2CCC1(CS(=O)(=O)NCCc1ccc(S(N)(=O)=O)cc1)C(=O)C2,5.647046088289912
933,CCCCC(CC)C(=O)OC,5.688246138944246
934,COC(=O)c1ccc(OC)cc1,5.452225294612178
935,Cc1ccc(C(=O)C(O)(O)C(F)(F)F)cc1,5.045757490560675
936,CC(C)c1ccc(NC(=O)Nc2ccc(S(N)(=O)=O)cc2)cc1,5.300595918184663
937,CCCCC(CC)C(=O)NO,5.585026652029182
938,CCN(CC)CCOC(=O)c1ccc(S(=O)(=O)Nc2nnc(S(N)(=O)=O)s2)cc1,8.853871964321762
939,COc1ccc(C(=O)NO)cc1,6.346787486224656
940,ON=Cc1c(O)ccc(-c2ccc(O)cc2)c1Cl,5.638272163982407
941,CCCCC(CC)C(=O)NN,5.663540266151471
942,NS(=O)(=O)OCC1OC(OC2C(CO)OC(O)C(O)C2O)C(O)C(O)C1O,6.289882634888183
943,NS(=O)(=O)c1ccc(NC(=O)Nc2ccccc2-c2ccccc2)cc1,8.013228265733755
944,NS(=O)(=O)c1ccc(Nc2nc(Cl)nc(NCCO)n2)cc1,7.431798275933005
945,COC(=O)CNc1nc(Cl)nc(Nc2ccc(S(N)(=O)=O)cc2)n1,7.3872161432802645
946,COc1cc(CC2CCCCC2=O)cc(Br)c1OC,5.401209493236885
947,COc1cc(CC2CCCCC2O)cc(Br)c1OC,6.42021640338319
948,COc1ccc2c(c1)CCN(S(N)(=O)=O)C2c1ccc(N)cc1,6.653647025549361
949,COc1ccc2c(c1)CCN(S(N)(=O)=O)C2c1ccc(Br)cc1,5.378408324140782
950,COc1c(Br)c(Br)c(CC2CCCCC2=O)c(Br)c1OC,5.354577730650908
951,COc1cc(CC2CCCCC2=O)c(Br)c(Br)c1OC,5.363512103646634
952,NS(=O)(=O)c1ccccc1Br,6.2441251443275085
953,COc1ccc2c(c1)CCN(S(N)(=O)=O)C2c1ccc(C#N)cc1,7.040958607678906
954,CC(=O)OCC1OC(S(N)(=O)=O)C(OC(C)=O)C(OC(C)=O)C1OC(C)=O,5.342944147142896
955,CC(=O)OCC1OC(NS(N)(=O)=O)C(OC(C)=O)C(OC(C)=O)C1OC(C)=O,7.119186407719209
956,COc1ccc2c(c1)CCN(S(N)(=O)=O)C2c1ccc(Cl)cc1,6.982966660701219
957,CC(Nc1nc(Cl)nc(Nc2ccc(S(N)(=O)=O)cc2)n1)C(=O)O,6.251037138743839
958,COc1ccc2c(c1)CCN(S(N)(=O)=O)C2c1ccc(F)cc1,6.3223930472795065
959,COc1ccc2c(c1)CCN(S(N)(=O)=O)C2c1ccc(C)cc1,7.055517327849832
960,COc1ccc2c(c1)CCN(S(N)(=O)=O)C2c1cccc(N)c1,7.001304841688344
961,Cc1cc(=O)oc2cc(OC3OC(COC4OC(CO)C(O)C(O)C4O)C(O)C(O)C3O)ccc12,6.229147988357855
962,CC(C)OC(=O)C=Cc1ccc(O)cc1,6.2839966563652006
963,COC(=O)c1cc(O)ccc1O,6.113509274827518
964,COc1cc2oc(=O)ccc2cc1C(O)CC(C)C,7.229147988357855
965,CC1CCCCC1=O,6.376750709602099
966,CC1CCCCC1O,6.468521082957745
967,CCCC1CCCCC1O,6.42021640338319
968,COc1cc(CC2CCCCC2O)c(Br)c(Br)c1OC,6.3872161432802645
969,CC(=O)OCC1OC(NC(=S)Nc2ccc(S(N)(=O)=O)cc2)C(OC(C)=O)C(OC(C)=O)C1OC(C)=O,8.154901959985743
970,CC(=O)OCC1OC(NC(=S)NCCc2ccc(S(N)(=O)=O)cc2)C(OC(C)=O)C(OC(C)=O)C1OC1OC(COC(C)=O)C(OC(C)=O)C(OC(C)=O)C1OC(C)=O,8.008773924307505
971,CC(=O)OCC1OC(NC(=S)NNC(=O)c2ccc(S(N)(=O)=O)cc2)C(OC(C)=O)C(OC(C)=O)C1OC1OC(COC(C)=O)C(OC(C)=O)C(OC(C)=O)C1OC(C)=O,7.991399828238082
972,CC(=O)OCC1OC(NC(=S)Nc2ccc(S(N)(=O)=O)cc2)C(OC(C)=O)C(OC(C)=O)C1OC1OC(COC(C)=O)C(OC(C)=O)C(OC(C)=O)C1OC(C)=O,8.119186407719209
973,NS(=O)(=O)c1ccc(CCNC(=S)NC2OC(CO)C(O)C(O)C2O)cc1,6.966576244513051
974,NS(=O)(=O)c1ccc(C(=O)NNC(=S)NC2OC(CO)C(O)C(O)C2O)cc1,6.279840696594043
975,NS(=O)(=O)c1ccc(NC(=S)NC2OC(CO)C(O)C(O)C2O)cc1,6.653647025549361
976,NS(=O)(=O)c1ccc(CCNC(=S)NC2OC(CO)C(O)C(O)C2O)cc1,8.031517051446064
977,NS(=O)(=O)c1ccc(C(=O)NNC(=S)NC2OC(CO)C(O)C(O)C2O)cc1,6.46344155742847
978,NS(=O)(=O)c1ccc(NC(=S)NC2OC(CO)C(OC3OC(CO)C(O)C(O)C3O)C(O)C2O)cc1,8.161150909262744
979,NS(=O)(=O)c1ccc(CNC(=S)NC2OC(CO)C(O)C(O)C2O)cc1,7.221848749616356
980,NS(=O)(=O)c1ccc(CNC(=S)NC2OC(CO)C(O)C(O)C2O)cc1,6.423658649794207
981,CC(=O)OCC1OC(NC(=S)NCc2ccc(S(N)(=O)=O)cc2)C(OC(C)=O)C(OC(C)=O)C1OC1OC(COC(C)=O)C(OC(C)=O)C(OC(C)=O)C1OC(C)=O,8.136677139879543
982,CC(=O)OCC1OC(NC(=S)NCCc2ccc(S(N)(=O)=O)cc2)C(OC(C)=O)C(OC(C)=O)C1OC(C)=O,6.527243550682788
983,CC(=O)OCC1OC(NC(=S)NNC(=O)c2ccc(S(N)(=O)=O)cc2)C(OC(C)=O)C(OC(C)=O)C1OC(C)=O,8.065501548756432
984,CC(=O)OCC1OC(NC(=S)NCc2ccc(S(N)(=O)=O)cc2)C(OC(C)=O)C(OC(C)=O)C1OC1OC(COC(C)=O)C(OC(C)=O)C(OC(C)=O)C1OC(C)=O,6.4089353929735005
985,CC(=O)OCC1OC(NC(=S)NCCc2ccc(S(N)(=O)=O)cc2)C(OC(C)=O)C(OC(C)=O)C1OC1OC(COC(C)=O)C(OC(C)=O)C(OC(C)=O)C1OC(C)=O,8.060480747381382
986,CC(=O)OCC1OC(NC(=S)NNC(=O)c2ccc(S(N)(=O)=O)cc2)C(OC(C)=O)C(OC(C)=O)C1OC1OC(COC(C)=O)C(OC(C)=O)C(OC(C)=O)C1OC(C)=O,8.193820026016112
987,NS(=O)(=O)c1ccc(NC(=S)NC2OC(CO)C(O)C(O)C2O)cc1,8.154901959985743
988,NS(=O)(=O)c1ccc(CCNC(=S)NC2OC(CO)C(OC3OC(CO)C(O)C(O)C3O)C(O)C2O)cc1,8.045757490560675
989,NS(=O)(=O)c1ccc(C(=O)NNC(=S)NC2OC(CO)C(OC3OC(CO)C(O)C(O)C3O)C(O)C2O)cc1,8.130768280269024
990,NS(=O)(=O)c1ccc(NC(=S)NC2OC(CO)C(OC3OC(CO)C(O)C(O)C3O)C(O)C2O)cc1,8.1249387366083
991,NS(=O)(=O)c1ccc(CNC(=S)NC2OC(CO)C(OC3OC(CO)C(O)C(O)C3O)C(O)C2O)cc1,6.424812155072339
992,NS(=O)(=O)c1ccc(CCNC(=S)NC2OC(CO)C(OC3OC(CO)C(O)C(O)C3O)C(O)C2O)cc1,6.567030709125595
993,CC(=O)OCC1OC(NC(=S)NCc2ccc(S(N)(=O)=O)cc2)C(OC(C)=O)C(OC(C)=O)C1OC(C)=O,8.10790539730952
994,CC(=O)OCC1OC(NC(=S)NCCc2ccc(S(N)(=O)=O)cc2)C(OC(C)=O)C(OC(C)=O)C1OC(C)=O,8.136677139879543
995,CC(=O)OCC1OC(NC(=S)NNC(=O)c2ccc(S(N)(=O)=O)cc2)C(OC(C)=O)C(OC(C)=O)C1OC(C)=O,8.0
996,CC(=O)OCC1OC(NC(=S)Nc2ccc(S(N)(=O)=O)cc2)C(OC(C)=O)C(OC(C)=O)C1OC(C)=O,6.280668713016273
997,CC(=O)OCC1OC(NC(=S)NCc2ccc(S(N)(=O)=O)cc2)C(OC(C)=O)C(OC(C)=O)C1OC(C)=O,7.924453038607469
998,NS(=O)(=O)c1ccc(C(=O)NNC(=S)NC2OC(CO)C(OC3OC(CO)C(O)C(O)C3O)C(O)C2O)cc1,6.962573502059376
999,S=C(S)NCCN1CCOCC1,7.440093374963888
1000,CCCCCCN(CCCCCC)C(=S)S,7.289882634888183
1001,CN1CCN(NC(=S)S)CC1,7.481486060122112
1002,COc1ccc2c(c1)CCN(S(N)(=O)=O)C2c1ccccc1,6.374687549038326
1003,CN(C(=S)S)c1ccccc1,7.667561540084395
1004,S=C(S)N1CCN(C(=S)S)CC1,9.036212172654444
1005,N#CC1(c2ccccc2)CCN(C(=S)S)CC1,7.38933983691012
1006,CC(=O)OCC1OC(NC(=S)Nc2ccc(S(N)(=O)=O)cc2)C(OC(C)=O)C(OC(C)=O)C1OC1OC(COC(C)=O)C(OC(C)=O)C(OC(C)=O)C1OC(C)=O,6.268411234813261
1007,Nc1oc2ccc(Cl)cc2c(=O)c1-c1ccc(Cl)cc1,6.040958607678906
1008,S=C(S)NCc1ccncc1,7.779891911959945
1009,S=C(S)NCCN1CCCCC1,7.692503962086787
1010,O=C(O)CNC(=S)S,6.488116639021126
1011,S=C(S)N1CCOCC1,9.022276394711152
1012,O=C(O)C1CCCN1C(=S)S,7.761953896871204
1013,S=C(S)Nc1ccccc1,8.346787486224656
1014,S=C(S)NN1CCOCC1,8.443697499232712
1015,S=C(S)NCCN(CCNC(=S)S)CCNC(=S)S,7.8696662315049934
1016,S=C(S)NCc1ccccc1,9.154901959985743
1017,CN(Cc1ccccc1)C(=S)S,7.595166283380062
1018,S=C(S)Nc1nccs1,8.337242168318426
1019,CC(C)CN(CC(C)C)C(=S)S,9.022276394711152
1020,CCCN(CCC)C(=S)S,7.255707016877324
1021,CCCCN(CCCC)C(=S)S,7.293282217663242
1022,CCCCN(CC)C(=S)S,7.555955204081924
1023,OCCN(CCO)C(=S)S,8.397940008672037
1024,COc1ccc(-c2c(N)oc3ccc(Cl)cc3c2=O)cc1,5.696803942579511
1025,NS(=O)(=O)c1ccc(CNC(=S)NC2OC(CO)C(OC3OC(CO)C(O)C(O)C3O)C(O)C2O)cc1,6.978810700930062
1026,CCC(C)NC(=S)S,7.531652669587842
1027,COc1ccc(CCNC(=O)c2ccc(S(N)(=O)=O)cc2)cc1OC,8.568636235841012
1028,NS(=O)(=O)c1ccc(C2c3ccc(O)cc3CCN2S(N)(=O)=O)cc1,8.173925197299173
1029,CCCOc1ccc2c(c1)CCNC2c1ccc(S(N)(=O)=O)cc1,8.050609993355087
1030,CCOc1ccc2c(c1)CCN(S(N)(=O)=O)C2c1ccc(S(N)(=O)=O)cc1,7.478861916295964
1031,NS(=O)(=O)c1ccc(C2=NCCc3cc(O)ccc32)cc1,7.507239610973162
1032,CCCOc1ccc2c(c1)CCN(S(N)(=O)=O)C2c1ccc(S(N)(=O)=O)cc1,8.200659450546418
1033,CCOc1ccc2c(c1)CCN=C2c1ccc(S(N)(=O)=O)cc1,7.057991946977687
1034,CCCOc1ccc2c(c1)CCN=C2c1ccc(S(N)(=O)=O)cc1,8.05551732784983
1035,COc1ccc2c(c1)CCNC2c1ccc(S(N)(=O)=O)cc1,8.05551732784983
1036,CCOc1ccc2c(c1)CCNC2c1ccc(S(N)(=O)=O)cc1,7.361510743045363
1037,NS(=O)(=O)c1ccc(C2NCCc3cc(O)ccc32)cc1,7.073143291050307
1038,COc1ccc2c(c1)CCN(S(N)(=O)=O)C2c1ccc(S(N)(=O)=O)cc1,7.314258261397736
1039,O=C(NCCc1ccc(O)c(O)c1)c1cc2cc(O)c(O)cc2[nH]1,5.519993057042849
1040,O=C(O)c1cc(-c2cn(Cc3ccccc3)c3ccccc23)[nH]n1,5.441291429466834
1041,COC(=O)c1cc(-c2cn(Cc3ccccc3)c3ccccc23)[nH]n1,5.924453038607469
1042,O=C(O)C(O)=C1C(=O)Nc2ccccc21,5.360513510731414
1043,CC(=O)c1c(C(=O)O)n(C)c2cc3c(cc12)OCO3,5.2839966563652006
1044,O=C(NCc1ccccc1)c1cc2cc(O)c(O)cc2[nH]1,5.838631997765025
1045,COc1cc(CC2CCCCC2O)cc(Br)c1OC,6.42021640338319
1046,COc1cc(CC2CCCCC2O)c(Br)c(Br)c1OC,6.4089353929735005
1047,NS(=O)(=O)c1nnc(NC(=O)NC23CC4CC(CC(C4)C2)C3)s1,7.886056647693163
1048,NS(=O)(=O)Nc1ccc(S(N)(=O)=O)cc1,7.006563769502388
1049,NS(=O)(=O)Nc1ccc(S(=O)(=O)Nc2ccc(C(=O)O)cc2)cc1,7.255707016877324
1050,NS(=O)(=O)c1ccc(NC2OC(CO)C(O)C(O)C2O)cc1,7.7447274948966935
1051,CC1OC(Nc2ccc(S(N)(=O)=O)cc2)C(O)C(O)C1O,7.853871964321762
1052,NS(=O)(=O)c1ccc(NC2OCC(O)C(O)C2O)cc1,7.823908740944319
1053,NS(=O)(=O)Nc1ccc(S(=O)(=O)Nc2ccc(C(=O)NCCc3ccc(S(N)(=O)=O)cc3)cc2)cc1,8.530177984021837
1054,NS(=O)(=O)Nc1ccc(S(=O)(=O)Nc2ccc(S(N)(=O)=O)cc2)cc1,7.656591406196142
1055,CC(=O)Nc1ccc(S(=O)(=O)Nc2ccc(C(=O)NCCc3ccc(S(N)(=O)=O)cc3)cc2)cc1,8.043351420794796
1056,NS(=O)(=O)Nc1ccc(S(=O)(=O)NCCc2ccc(S(N)(=O)=O)cc2)cc1,7.142667503568731
1057,NS(=O)(=O)c1nnc(NC(=O)OC23CC4CC(CC(C4)C2)C3)s1,8.0
1058,NS(=O)(=O)NCCc1ccc(S(N)(=O)=O)cc1,7.197226274708024
1059,NS(=O)(=O)Nc1ccc(S(=O)(=O)NCc2ccc(S(N)(=O)=O)cc2)cc1,6.7447274948966935
1060,NS(=O)(=O)NCc1ccc(S(N)(=O)=O)cc1,5.919193195665637
1061,NS(=O)(=O)Nc1ccc(S(=O)(=O)Nc2nnc(S(N)(=O)=O)s2)cc1,7.1487416512809245
1062,Cc1cccc(C)c1NC(=O)Cn1ccc(=O)c(S(N)(=O)=O)c1,6.094743951251549
1063,CN(C)c1nc(N)nc(Cn2ccc(=O)c(S(N)(=O)=O)c2)n1,6.412289034981089
1064,NS(=O)(=O)c1cn(CC(=O)NNC(=O)c2ccco2)ccc1=O,6.421360790031928
1065,NS(=O)(=O)Oc1ccc(NC(=S)Nc2ccc(-c3c4ccc(=O)cc-4oc4cc(O)ccc34)c(C(=O)O)c2)cc1,6.244887733604929
1066,NS(=O)(=O)c1cn(CC(=O)Nc2ccc(Cl)cc2)ccc1=O,6.34008379993015
1067,NS(=O)(=O)Oc1ccc(-[n+]2c(-c3ccccc3)cc(-c3ccccc3)cc2-c2ccccc2)cc1,6.119186407719209
1068,N#CCCCn1ccc(=O)c(S(N)(=O)=O)c1,6.162411561764489
1069,Cc1ccc(S(=O)(=O)NNC(=O)Cn2ccc(=O)c(S(N)(=O)=O)c2)cc1,6.497572880015567
1070,NS(=O)(=O)c1ccc(NC(=O)Cn2ccc(=O)c(S(N)(=O)=O)c2)cc1,6.289882634888183
1071,Cc1noc(C)c1Cn1ccc(=O)c(S(N)(=O)=O)c1,6.410050398674292
1072,CCOC(=O)Cn1ccc(=O)c(S(N)(=O)=O)c1,6.17134010346468
1073,COC(=O)c1ccccc1NC(=O)Cn1ccc(=O)c(S(N)(=O)=O)c1,6.2076083105017466
1074,NS(=O)(=O)c1cn(Cc2nc3ccccc3c(=O)n2-c2ccccc2)ccc1=O,6.309803919971486
1075,CC1=NN(c2nc(N)nc(Cn3ccc(=O)c(S(N)(=O)=O)c3)n2)C(C)(C)C1,6.245651664288981
1076,NS(=O)(=O)c1cn(CCO)ccc1=O,6.0589857562944305
1077,Cc1ccc(-n2c(Cn3ccc(=O)c(S(N)(=O)=O)c3)nc3ccccc3c2=O)cc1,6.154901959985743
1078,Nc1nc(Cn2ccc(=O)c(S(N)(=O)=O)c2)nc(N2CCOCC2)n1,6.336299074610352
1079,NS(=O)(=O)c1cn(CC(=O)NS(=O)(=O)c2ccccc2Cl)ccc1=O,6.393618634889395
1080,CC1=NN(c2nc(N)nc(Cn3ccc(=O)c(S(N)(=O)=O)c3)n2)CC1,6.174573882232177
1081,NS(=O)(=O)c1cn(CC(=O)NS(=O)(=O)c2ccc(Cl)cc2)ccc1=O,6.4698003017969175
1082,NS(=O)(=O)c1cn(Cc2nc3ccccc3c(=O)n2-c2ccc(Cl)cc2)ccc1=O,6.246416941107094
1083,NS(=O)(=O)c1cn(CC2CC2)ccc1=O,6.343901797987168
1084,CCN(c1ccccc1)c1nc(N)nc(Cn2ccc(=O)c(S(N)(=O)=O)c2)n1,6.24184537803261
1085,NS(=O)(=O)c1ccc(C(=O)NCCc2cccc(O)c2)cc1,8.309803919971486
1086,COc1ccc2c(c1)CCN=C2c1ccc(S(N)(=O)=O)cc1,8.065501548756432
1087,COc1cc2c(cc1OC)C(c1ccc(S(N)(=O)=O)cc1)=NCC2,5.667561540084395
1088,COc1cc2c(cc1OC)C(c1ccc(S(N)(=O)=O)cc1)NCC2,5.438898616350944
1089,COc1cc2c(cc1OC)C(c1ccc(S(N)(=O)=O)cc1)N(S(N)(=O)=O)CC2,5.504455662453552
1090,COc1cccc(CCNC(=O)c2ccc(S(N)(=O)=O)cc2)c1,7.06198090252379
1091,CCOc1cccc(CCNC(=O)c2ccc(S(N)(=O)=O)cc2)c1,7.481486060122112
1092,CCCOc1cccc(CCNC(=O)c2ccc(S(N)(=O)=O)cc2)c1,8.275724130399212
1093,COc1ccc2c(c1)SCc1cnn(-c3ccc(S(N)(=O)=O)cc3)c1-2,7.795880017344075
1094,NS(=O)(=O)c1ccc(-n2ncc3c2-c2cccnc2SC3)cc1,7.142667503568731
1095,NS(=O)(=O)c1ccc(-n2ncc3c2-c2ccc(Cl)cc2SC3)cc1,7.5376020021010435
1096,NS(=O)(=O)c1ccc(-n2ncc3c2-c2ccc(C(F)(F)F)cc2SC3)cc1,6.6777807052660805
1097,Cc1ccc2c(n1)SCc1cnn(-c3ccc(S(N)(=O)=O)cc3)c1-2,7.309803919971486
1098,N=C(N)NCCc1ccc(S(N)(=O)=O)cc1,7.050609993355087
1099,O=C(C=Cc1cccc(O)c1)CC1OC(CO)C(O)C(O)C1O,5.107905397309519
1100,O=C(C=Cc1ccc(O)cc1)CC1OC(CO)C(O)C(O)C1O,5.167491087293763
1101,NS(=O)(=O)c1cc(Cl)cc(Cl)c1O,7.267606240177032
1102,Nc1ccc2c(c1)C=CS(=O)(=O)O2,5.051098239029786
1103,O=C(C=Cc1cccc(O)c1)CC1OC(CO)C(O)C(O)C1O,5.508638306165727
1104,CC(=O)OCC1OC(CC(=O)C=Cc2ccc(O)cc2)C(OC(C)=O)C(OC(C)=O)C1OC(C)=O,5.4089353929735005
1105,NS(=O)(=O)c1cccc(S(N)(=O)=O)c1,8.096910013008056
1106,CC(=O)OCC1OC(CC(=O)C=Cc2cccc(O)c2)C(OC(C)=O)C(OC(C)=O)C1OC(C)=O,5.154901959985743
1107,CC(=O)OCC1OC(CC(=O)C=Cc2ccc(O)cc2)C(OC(C)=O)C(OC(C)=O)C1OC(C)=O,5.259637310505756
1108,CC(=O)OCC1OC(CC(=O)C=Cc2cccc(O)c2)C(OC(C)=O)C(OC(C)=O)C1OC(C)=O,5.1487416512809245
1109,N=C(N)Nc1ccc(O)cc1,5.124360062995832
1110,N#CC(=Cc1ccc(O)cc1)C(=O)Nc1ccc(S(N)(=O)=O)cc1,7.471083299722345
1111,NS(=O)(=O)Nc1ccc(NC(=O)NCc2ccccc2)cc1,8.607303046740334
1112,CC(NC(=O)Nc1ccc(NS(N)(=O)=O)cc1)c1cccc2ccccc12,8.694648630553376
1113,NS(=O)(=O)c1cccc(-n2nc(CO)cc2-c2ccccc2)c1,6.7423214251308154
1114,NS(=O)(=O)c1ccc(-n2nc(CO)cc2-c2ccc3ccccc3c2)cc1,8.017728766960431
1115,COc1ccc(-c2cc(CO)nn2-c2ccc(S(N)(=O)=O)cc2)cc1,6.866461091629782
1116,N#CC(=Cc1ccc2c(c1)OCO2)C(=O)Nc1ccc(S(N)(=O)=O)cc1,7.844663962534938
1117,COc1cc(C=C(C#N)C(=O)Nc2ccc(S(N)(=O)=O)cc2)cc(OC)c1OC,8.1249387366083
1118,COc1ccc2cc(-c3cc(CO)nn3-c3ccc(S(N)(=O)=O)cc3)ccc2c1,6.578396073130169
1119,N#CC(=Cc1ccc(O)c(O)c1)C(=O)Nc1ccc(S(N)(=O)=O)cc1,8.3767507096021
1120,c1ccc2c(c1)c1c(n2Cc2ccc(Cn3c4c(c5ccccc53)CCCC4)cc2)CCCC1,6.6020599913279625
1121,NS(=O)(=O)c1ccc(-n2nc(CO)cc2-c2ccccc2)cc1,6.376750709602099
1122,Cc1cc(C)[n+](CCc2ccccc2-c2ccccc2)c(C)c1,5.327902142064283
1123,CCCNS(=O)(=O)c1ccc(N)cc1,5.461551948289783
1124,NS(=O)(=O)c1ccc(-n2nc(CO)cc2-c2cccnc2)cc1,7.366531544420414
1125,NS(=O)(=O)c1ccc2c(c1)CCCN2,7.102922996790579
1126,N#CC(=CC=Cc1ccccc1)C(=O)Nc1ccc(S(N)(=O)=O)cc1,7.504455662453552
1127,NS(=O)(=O)Nc1ccc(NC(=O)NCc2ccco2)cc1,8.67778070526608
1128,NS(=O)(=O)c1ccc(-n2nc(CO)cc2-c2cccc3ccccc23)cc1,7.337242168318426
1129,CCCCOc1ccc(NC(=O)Nc2ccc(NS(N)(=O)=O)cc2)cc1,8.669586226650809
1130,NS(=O)(=O)c1ccc(CN2S(=O)(=O)c3ccccc3S2(=O)=O)cc1,7.549750891680639
1131,CC1CN(C)S(=O)(=O)c2ccc(N)cc21,6.3655227298392685
1132,N=c1oc2ccccc2cc1C(=O)Nc1ccc(S(N)(=O)=O)cc1,7.962573502059376
1133,NS(=O)(=O)Nc1ccc(NC(=O)Nc2ccc(Cl)cc2)cc1,8.669586226650809
1134,O=C(O)c1cc(-c2c3ccc(=O)cc-3oc3cc(O)ccc23)ccc1NC(=S)NCCc1ccc(O)c(O)c1,5.356547323513812
1135,Nc1cc(O)ccc1Cl,5.309803919971486
1136,N#CC(=Cc1ccc(Cl)cc1Cl)C(=O)Nc1ccc(S(N)(=O)=O)cc1,7.482804102050026
1137,NS(=O)(=O)OCC1OC(O)C(O)C(O)C1O,7.94692155651658
1138,COc1ccc2cc(-c3cc(CO)nn3-c3ccc(S(N)(=O)=O)cc3)ccc2c1Br,6.411168274405792
1139,Cc1cc(C)[n+](-c2cccc(O)c2)c(C)c1,6.494850021680094
1140,N#CC(C(=O)Nc1ccc(S(N)(=O)=O)cc1)=C(S)Nc1ccccc1,8.187086643357144
1141,NS(=O)(=O)NC1CCc2ccccc21,5.97061622231479
1142,COc1cc(C=C(C#N)C(=O)Nc2ccc(S(N)(=O)=O)cc2)ccc1O,8.221848749616356
1143,NS(=O)(=O)c1cccc(N2S(=O)(=O)c3ccccc3S2(=O)=O)c1,7.209714835966758
1144,CC(=O)OCC1OC(OC(C)=O)C(OC(C)=O)C(OC(C)=O)C1COC1OC(COS(N)(=O)=O)C(OC(C)=O)C(OC(C)=O)C1OC(C)=O,7.94692155651658
1145,COc1cc(OC)c(OC)cc1C=C(C#N)C(=O)Nc1ccc(S(N)(=O)=O)cc1,7.4179366370882915
1146,COc1ccc2cc(-c3nn(-c4ccc(S(N)(=O)=O)cc4)cc3CO)ccc2c1,7.508638306165727
1147,C=CCNc1ccc(S(N)(=O)=O)cc1,5.6307841425898575
1148,Cc1cc(C)[n+](CCc2ccccc2C)c(C)c1,5.167491087293763
1149,Cc1cc(Cl)ccc1NC(=O)Nc1ccc(NS(N)(=O)=O)cc1,8.602059991327963
1150,CC(C)OC(=O)c1cc(O)ccc1O,6.236572006437063
1151,CC(C)(F)CNS(=O)(=O)c1ccc(N)cc1,7.1249387366083
1152,NS(=O)(=O)c1ccc(-n2nc(CO)cc2-c2ccc(Br)cc2)cc1,6.931814138253839
1153,NS(=O)(=O)c1ccc(CCN2S(=O)(=O)c3ccccc3S2(=O)=O)cc1,7.567030709125595
1154,CCCC(CCC)COS(N)(=O)=O,5.71669877129645
1155,CC(C)c1ccccc1NC(=O)Nc1ccc(NS(N)(=O)=O)cc1,8.742321425130816
1156,CC(C)OC(=O)c1c(O)cccc1O,6.275724130399211
1157,NS(=O)(=O)c1ccc(-n2cc(CO)c(-c3ccc4ccccc4c3)n2)cc1,7.443697499232712
1158,NS(=O)(=O)Nc1ccc(NC(=O)NCCc2ccccc2)cc1,8.61261017366127
1159,Cc1cc(C)[n+](-c2cc(O)ccc2Cl)c(C)c1,6.309803919971486
1160,CC(C)OC(=O)c1ccc(O)cc1O,6.292429823902063
1161,NS(=O)(=O)c1ccc(-n2nc(CO)cc2-c2ccc(-c3ccccc3)cc2)cc1,8.050609993355087
1162,NS(=O)(=O)OCC1OC(O)C(O)C(O)C1O,7.94692155651658
1163,NS(=O)(=O)Nc1ccc(NC(=O)Nc2ccccc2-c2ccccc2)cc1,8.774690718274137
1164,COc1cccc(-c2cc(CO)nn2-c2ccc(S(N)(=O)=O)cc2)c1,6.6252516539898965
1165,COc1ccc2cc(-c3cc(CO)nn3-c3cccc(S(N)(=O)=O)c3)ccc2c1,6.106793246940152
1166,NS(=O)(=O)c1ccc(-n2nc(-c3ccc4ccccc4c3)cc2CO)cc1,8.040958607678906
1167,COc1ccc(C=C(C#N)C(=O)Nc2ccc(S(N)(=O)=O)cc2)cc1OC,7.730487055782084
1168,C=C(C)CNS(=O)(=O)c1ccc(N)cc1,5.327163545828602
1169,NS(=O)(=O)c1ccccc1N1S(=O)(=O)c2ccccc2S1(=O)=O,7.0195421077238995
1170,c1ccc2c(c1)c1c(n2Cc2ccc(Cn3c4c(c5ccccc53)CCC4)cc2)CCC1,6.769551078621726
1171,COC(=O)c1c(O)cccc1O,6.154901959985743
1172,NS(=O)(=O)c1ccc(-n2nc(CCO)cc2-c2ccccc2)cc1,6.419075024324381
1173,CCOC(=O)c1c(O)cccc1O,6.251811972993799
1174,COc1cc2c(cc1OC)C(NS(N)(=O)=O)CC2,5.052566278112949
1175,COc1ccc(NC(=O)Nc2ccc(NS(N)(=O)=O)cc2)c(C)c1,8.669586226650809
1176,CC(C)OC(=O)c1ccc(O)c(O)c1,6.376750709602099
1177,N#CC(=NNc1ccccc1)C(=O)Nc1ccc(S(N)(=O)=O)cc1,8.070581074285707
1178,CC(C)OC(=O)c1ccc(O)cc1,5.356547323513812
1179,COc1cccc2c1CCCC2NS(N)(=O)=O,5.510041520575165
1180,NS(=O)(=O)OCC1OC(O)C(O)C(O)C1O,7.94692155651658
1181,NS(=O)(=O)c1cccc(-n2nc(CO)cc2-c2ccc3ccccc3c2)c1,6.309803919971486
1182,CC(=O)Nc1ccc(S(=O)(=O)NCC(C)F)cc1,5.337242168318426
1183,NS(=O)(=O)Nc1ccc(NC(=O)NC2CCCCC2)cc1,8.681936665037238
1184,NS(=O)(=O)c1c(F)c(F)c(SCCO)c(F)c1F,8.455931955649724
1185,C=C(Cl)CNS(=O)(=O)c1ccc(N)cc1,5.286005732339356
1186,NS(=O)(=O)NC1CCc2ccccc2C1,5.170696227168975
1187,COc1ccc(C)cc1NC(=O)Nc1ccc(NS(N)(=O)=O)cc1,8.701146923590294
1188,COc1ccc(OC)c(NC(=O)Nc2ccc(NS(N)(=O)=O)cc2)c1,8.703334809738468
1189,N#CC(=Cc1ccccc1Cl)C(=O)Nc1ccc(S(N)(=O)=O)cc1,7.214670164989233
1190,CC(C)OC(=O)c1cc(O)cc(O)c1,6.154901959985743
1191,NS(=O)(=O)NC1Cc2ccccc2C1,5.892790030352131
1192,NS(=O)(=O)c1ccc(N2S(=O)(=O)c3ccccc3S2(=O)=O)cc1,7.261219441515631
1193,N#CC(=Cc1cccs1)C(=O)Nc1ccc(S(N)(=O)=O)cc1,8.568636235841012
1194,CN(C)c1ccc(C=C(C#N)C(=O)Nc2ccc(S(N)(=O)=O)cc2)cc1,7.7121982700697735
1195,CCOC(=O)c1cc(O)ccc1O,6.161150909262744
1196,N#CCC(=O)Nc1ccc(S(N)(=O)=O)cc1,8.214670164989233
1197,c1ccc2c(c1)c1c(n2Cc2ccc(Cn3c4c(c5ccccc53)CCCCC4)cc2)CCCCC1,6.5376020021010435
1198,Cc1ccc(-c2cc(CO)nn2-c2ccc(S(N)(=O)=O)cc2)cc1,6.7544873321858505
1199,Cc1cc(C)cc(NC(=O)Nc2ccc(NS(N)(=O)=O)cc2)c1,8.742321425130816
1200,COc1cc(OC)c(C=C(C#N)C(=O)Nc2ccc(S(N)(=O)=O)cc2)c(OC)c1,8.173925197299173
1201,C=C(Cl)CN(CC(=C)Cl)S(=O)(=O)c1ccc(N)cc1,5.3014645074379985
1202,COc1ccccc1-c1cc(CO)nn1-c1ccc(S(N)(=O)=O)cc1,6.815308569182402
1203,NS(=O)(=O)c1ccc(N2S(=O)(=O)c3ccccc3S2(=O)=O)c(Cl)c1,7.209714835966758
1204,CCCCCCOS(N)(=O)=O,5.549750891680639
1205,COc1ccc(C=C(C#N)C(=O)Nc2ccc(S(N)(=O)=O)cc2)cc1,8.045757490560675
1206,NS(=O)(=O)OCC1OC(OCC2C(CO)OC(O)C(O)C2O)C(O)C(O)C1O,7.94692155651658
1207,CC(F)CNc1ccc(S(N)(=O)=O)cc1,7.239577516576788
1208,N#Cc1ccc(-c2cc(CO)nn2-c2ccc(S(N)(=O)=O)cc2)cc1,6.913640169325252
1209,NS(=O)(=O)c1ccc(-n2nc(-c3ccccc3)cc2CO)cc1,6.847711655616943
1210,CC(=O)C1=NN(c2ccccc2)C(=C(C#N)C(=O)Nc2ccc(S(N)(=O)=O)cc2)S1,8.102372908709558
1211,NS(=O)(=O)c1ccc(-n2cc(CO)c(-c3ccccc3)n2)cc1,7.42021640338319
1212,CCOC(=O)C(=NNc1cccc(-n2nc(C(=O)Nc3ccc(S(N)(=O)=O)cc3)c(C(=O)O)c2-c2ccccc2)c1)C(=O)c1ccccc1,6.899629454882437
1213,NS(=O)(=O)c1ccc(NC(=O)c2nn(-c3cccc(NN=C(C(=O)c4ccccc4)C(=O)c4ccccc4)c3)c(-c3ccccc3)c2C(=O)O)cc1,6.892790030352131
1214,CCOC(=O)C(=NNc1cccc(-n2nc(C(=O)Nc3ccc(S(N)(=O)=O)cc3)c(C(=O)O)c2-c2ccccc2)c1)C(C)=O,6.705533773838407
1215,COC(=O)C(=NNc1cccc(-n2nc(C(=O)Nc3ccc(S(N)(=O)=O)cc3)c(C(=O)O)c2-c2ccccc2)c1)C(=O)C(C)C,6.866461091629782
1216,CC(=O)C(=NNc1cccc(-n2nc(C(=O)Nc3ccc(S(N)(=O)=O)cc3)c(C(=O)O)c2-c2ccccc2)c1)C(=O)OC(C)(C)C,7.020451625295905
1217,CC(=O)C(=NNc1cccc(-n2nc(C(=O)Nc3ccc(S(N)(=O)=O)cc3)c(C(=O)O)c2-c2ccccc2)c1)C(C)=O,6.586700235918748
1218,N#Cc1cccc(-n2nc(C(=O)Nc3ccc(S(N)(=O)=O)cc3)c(C(=O)O)c2-c2ccccc2)c1,6.421360790031928
1219,CC(=O)C(=NNc1cccc(-n2nc(C(=O)Nc3ccc(S(N)(=O)=O)cc3)c(C(=O)O)c2-c2ccccc2)c1)C(=O)c1ccccc1,6.798602875679548
1220,CCCC(=O)C(=NNc1cccc(-n2nc(C(=O)Nc3ccc(S(N)(=O)=O)cc3)c(C(=O)O)c2-c2ccccc2)c1)C(=O)OCC,6.954677021213342
